--------------------------------------------------------
--  파일이 생성됨 - 금요일-2월-24-2023   
--------------------------------------------------------
--------------------------------------------------------
--  DDL for Sequence AULIKE_SEQ
--------------------------------------------------------

   CREATE SEQUENCE  "AULIKE_SEQ"  MINVALUE 1 MAXVALUE 9999999999999999999999999999 INCREMENT BY 1 START WITH 441 CACHE 20 NOORDER  NOCYCLE ;
--------------------------------------------------------
--  DDL for Sequence AU_SEQ
--------------------------------------------------------

   CREATE SEQUENCE  "AU_SEQ"  MINVALUE 1 MAXVALUE 9999999999999999999999999999 INCREMENT BY 1 START WITH 201 CACHE 20 NOORDER  NOCYCLE ;
--------------------------------------------------------
--  DDL for Sequence BO_SEQ
--------------------------------------------------------

   CREATE SEQUENCE  "BO_SEQ"  MINVALUE 1 MAXVALUE 9999999999999999999999999999 INCREMENT BY 1 START WITH 261 CACHE 20 NOORDER  NOCYCLE ;
--------------------------------------------------------
--  DDL for Sequence CA_SEQ
--------------------------------------------------------

   CREATE SEQUENCE  "CA_SEQ"  MINVALUE 1 MAXVALUE 9999999999999999999999999999 INCREMENT BY 1 START WITH 61 CACHE 20 NOORDER  NOCYCLE ;
--------------------------------------------------------
--  DDL for Sequence CO_SEQ
--------------------------------------------------------

   CREATE SEQUENCE  "CO_SEQ"  MINVALUE 1 MAXVALUE 9999999999999999999999999999 INCREMENT BY 1 START WITH 401 CACHE 20 NOORDER  NOCYCLE ;
--------------------------------------------------------
--  DDL for Sequence ITEMCOMMENTS_SEQ
--------------------------------------------------------

   CREATE SEQUENCE  "ITEMCOMMENTS_SEQ"  MINVALUE 1 MAXVALUE 9999999999999999999999999999 INCREMENT BY 1 START WITH 321 CACHE 20 NOORDER  NOCYCLE ;
--------------------------------------------------------
--  DDL for Sequence ITEMLIKE_SEQ
--------------------------------------------------------

   CREATE SEQUENCE  "ITEMLIKE_SEQ"  MINVALUE 1 MAXVALUE 9999999999999999999999999999 INCREMENT BY 1 START WITH 941 CACHE 20 NOORDER  NOCYCLE ;
--------------------------------------------------------
--  DDL for Sequence ITEM_SEQ
--------------------------------------------------------

   CREATE SEQUENCE  "ITEM_SEQ"  MINVALUE 1 MAXVALUE 9999999999999999999999999999 INCREMENT BY 1 START WITH 321 CACHE 20 NOORDER  NOCYCLE ;
--------------------------------------------------------
--  DDL for Sequence NOTE_SEQ
--------------------------------------------------------

   CREATE SEQUENCE  "NOTE_SEQ"  MINVALUE 1 MAXVALUE 9999999999999999999999999999 INCREMENT BY 1 START WITH 1301 CACHE 20 NOORDER  NOCYCLE ;
--------------------------------------------------------
--  DDL for Sequence NO_SEQ
--------------------------------------------------------

   CREATE SEQUENCE  "NO_SEQ"  MINVALUE 1 MAXVALUE 9999999999999999999999999999 INCREMENT BY 1 START WITH 201 CACHE 20 NOORDER  NOCYCLE ;
--------------------------------------------------------
--  DDL for Sequence QU_SEQ
--------------------------------------------------------

   CREATE SEQUENCE  "QU_SEQ"  MINVALUE 1 MAXVALUE 9999999999999999999999999999 INCREMENT BY 1 START WITH 201 CACHE 20 NOORDER  NOCYCLE ;
--------------------------------------------------------
--  DDL for Sequence RE_SEQ
--------------------------------------------------------

   CREATE SEQUENCE  "RE_SEQ"  MINVALUE 1 MAXVALUE 9999999999999999999999999999 INCREMENT BY 1 START WITH 241 CACHE 20 NOORDER  NOCYCLE ;
--------------------------------------------------------
--  DDL for Sequence RQ_SEQ
--------------------------------------------------------

   CREATE SEQUENCE  "RQ_SEQ"  MINVALUE 1 MAXVALUE 9999999999999999999999999999 INCREMENT BY 1 START WITH 141 CACHE 20 NOORDER  NOCYCLE ;
--------------------------------------------------------
--  DDL for Sequence RV_SEQ
--------------------------------------------------------

   CREATE SEQUENCE  "RV_SEQ"  MINVALUE 1 MAXVALUE 9999999999999999999999999999 INCREMENT BY 1 START WITH 161 CACHE 20 NOORDER  NOCYCLE ;
--------------------------------------------------------
--  DDL for Sequence SELL_SEQ
--------------------------------------------------------

   CREATE SEQUENCE  "SELL_SEQ"  MINVALUE 1 MAXVALUE 9999999999999999999999999999 INCREMENT BY 1 START WITH 1 CACHE 20 NOORDER  NOCYCLE ;
--------------------------------------------------------
--  DDL for Table AUCTION
--------------------------------------------------------

  CREATE TABLE "AUCTION" 
   (	"AUNUM" NUMBER, 
	"AUNAME" NVARCHAR2(20), 
	"AUCONTENT" NVARCHAR2(300), 
	"AUPRICE" NUMBER, 
	"AUREGION" NUMBER, 
	"AUPHOTONAME" NVARCHAR2(300), 
	"AUCATEGORY" NUMBER, 
	"AUSELLER" NVARCHAR2(20), 
	"AULIKE" NUMBER, 
	"AUHIT" NUMBER, 
	"AUDATE" DATE, 
	"AUCHECK" NUMBER, 
	"AUBUYER" NVARCHAR2(20), 
	"AUDEADLINE" DATE, 
	"AUPHOTO1NAME" NVARCHAR2(300), 
	"AUPHOTO2NAME" NVARCHAR2(300), 
	"AUPHOTO3NAME" NVARCHAR2(300)
   ) SEGMENT CREATION IMMEDIATE 
  PCTFREE 10 PCTUSED 40 INITRANS 1 MAXTRANS 255 NOCOMPRESS LOGGING
  STORAGE(INITIAL 65536 NEXT 1048576 MINEXTENTS 1 MAXEXTENTS 2147483645
  PCTINCREASE 0 FREELISTS 1 FREELIST GROUPS 1 BUFFER_POOL DEFAULT FLASH_CACHE DEFAULT CELL_FLASH_CACHE DEFAULT)
  TABLESPACE "SYSTEM" ;
--------------------------------------------------------
--  DDL for Table AUCTIONLIKE
--------------------------------------------------------

  CREATE TABLE "AUCTIONLIKE" 
   (	"ALNUM" NUMBER, 
	"ALITEM" NUMBER, 
	"ALUSER" NVARCHAR2(20)
   ) SEGMENT CREATION IMMEDIATE 
  PCTFREE 10 PCTUSED 40 INITRANS 1 MAXTRANS 255 NOCOMPRESS LOGGING
  STORAGE(INITIAL 65536 NEXT 1048576 MINEXTENTS 1 MAXEXTENTS 2147483645
  PCTINCREASE 0 FREELISTS 1 FREELIST GROUPS 1 BUFFER_POOL DEFAULT FLASH_CACHE DEFAULT CELL_FLASH_CACHE DEFAULT)
  TABLESPACE "SYSTEM" ;
--------------------------------------------------------
--  DDL for Table BOARD
--------------------------------------------------------

  CREATE TABLE "BOARD" 
   (	"BONUM" NUMBER, 
	"BOTITLE" NVARCHAR2(20), 
	"BOCONTENT" NVARCHAR2(200), 
	"BOWRITER" NVARCHAR2(20), 
	"BODATE" DATE, 
	"BOHIT" NUMBER, 
	"BOFILENAME" NVARCHAR2(50)
   ) SEGMENT CREATION IMMEDIATE 
  PCTFREE 10 PCTUSED 40 INITRANS 1 MAXTRANS 255 NOCOMPRESS LOGGING
  STORAGE(INITIAL 65536 NEXT 1048576 MINEXTENTS 1 MAXEXTENTS 2147483645
  PCTINCREASE 0 FREELISTS 1 FREELIST GROUPS 1 BUFFER_POOL DEFAULT FLASH_CACHE DEFAULT CELL_FLASH_CACHE DEFAULT)
  TABLESPACE "SYSTEM" ;
--------------------------------------------------------
--  DDL for Table CATEGORY
--------------------------------------------------------

  CREATE TABLE "CATEGORY" 
   (	"CASEQ" NUMBER, 
	"CAMAIN" NVARCHAR2(20), 
	"CASUB" NVARCHAR2(20)
   ) SEGMENT CREATION IMMEDIATE 
  PCTFREE 10 PCTUSED 40 INITRANS 1 MAXTRANS 255 NOCOMPRESS LOGGING
  STORAGE(INITIAL 65536 NEXT 1048576 MINEXTENTS 1 MAXEXTENTS 2147483645
  PCTINCREASE 0 FREELISTS 1 FREELIST GROUPS 1 BUFFER_POOL DEFAULT FLASH_CACHE DEFAULT CELL_FLASH_CACHE DEFAULT)
  TABLESPACE "SYSTEM" ;
--------------------------------------------------------
--  DDL for Table COMMENTS
--------------------------------------------------------

  CREATE TABLE "COMMENTS" 
   (	"CONUM" NUMBER, 
	"COCONTENT" NVARCHAR2(200), 
	"COWRITER" NVARCHAR2(20), 
	"CODATE" DATE, 
	"CBNUM" NUMBER
   ) SEGMENT CREATION IMMEDIATE 
  PCTFREE 10 PCTUSED 40 INITRANS 1 MAXTRANS 255 NOCOMPRESS LOGGING
  STORAGE(INITIAL 65536 NEXT 1048576 MINEXTENTS 1 MAXEXTENTS 2147483645
  PCTINCREASE 0 FREELISTS 1 FREELIST GROUPS 1 BUFFER_POOL DEFAULT FLASH_CACHE DEFAULT CELL_FLASH_CACHE DEFAULT)
  TABLESPACE "SYSTEM" ;
--------------------------------------------------------
--  DDL for Table ITEM
--------------------------------------------------------

  CREATE TABLE "ITEM" 
   (	"ITEMNUM" NUMBER, 
	"ITEMNAME" NVARCHAR2(50), 
	"ITEMCONTENT" NVARCHAR2(300), 
	"ITEMPRICE" NUMBER, 
	"ITEMREGION" NUMBER, 
	"ITEMPHOTONAME" NVARCHAR2(300), 
	"ITEMCATEGORY" NUMBER, 
	"ITEMSELLER" NVARCHAR2(20), 
	"ITEMLIKE" NUMBER, 
	"ITEMHIT" NUMBER, 
	"ITEMDATE" DATE, 
	"ITEMCHECK" NUMBER, 
	"ITEMPHOTO1NAME" NVARCHAR2(300), 
	"ITEMPHOTO2NAME" NVARCHAR2(300), 
	"ITEMPHOTO3NAME" NVARCHAR2(300), 
	"ITEMBUYER" NVARCHAR2(20)
   ) SEGMENT CREATION IMMEDIATE 
  PCTFREE 10 PCTUSED 40 INITRANS 1 MAXTRANS 255 NOCOMPRESS LOGGING
  STORAGE(INITIAL 65536 NEXT 1048576 MINEXTENTS 1 MAXEXTENTS 2147483645
  PCTINCREASE 0 FREELISTS 1 FREELIST GROUPS 1 BUFFER_POOL DEFAULT FLASH_CACHE DEFAULT CELL_FLASH_CACHE DEFAULT)
  TABLESPACE "SYSTEM" ;
--------------------------------------------------------
--  DDL for Table ITEMCOMMENTS
--------------------------------------------------------

  CREATE TABLE "ITEMCOMMENTS" 
   (	"ICNUM" NUMBER, 
	"ICITEMNUM" NUMBER, 
	"ICWRITER" NVARCHAR2(20), 
	"ICDATE" DATE, 
	"ICCONTENT" NVARCHAR2(300)
   ) SEGMENT CREATION IMMEDIATE 
  PCTFREE 10 PCTUSED 40 INITRANS 1 MAXTRANS 255 NOCOMPRESS LOGGING
  STORAGE(INITIAL 65536 NEXT 1048576 MINEXTENTS 1 MAXEXTENTS 2147483645
  PCTINCREASE 0 FREELISTS 1 FREELIST GROUPS 1 BUFFER_POOL DEFAULT FLASH_CACHE DEFAULT CELL_FLASH_CACHE DEFAULT)
  TABLESPACE "SYSTEM" ;
--------------------------------------------------------
--  DDL for Table ITEMLIKE
--------------------------------------------------------

  CREATE TABLE "ITEMLIKE" 
   (	"ILNUM" NUMBER, 
	"ILITEM" NUMBER, 
	"ILUSER" NVARCHAR2(20)
   ) SEGMENT CREATION IMMEDIATE 
  PCTFREE 10 PCTUSED 40 INITRANS 1 MAXTRANS 255 NOCOMPRESS LOGGING
  STORAGE(INITIAL 65536 NEXT 1048576 MINEXTENTS 1 MAXEXTENTS 2147483645
  PCTINCREASE 0 FREELISTS 1 FREELIST GROUPS 1 BUFFER_POOL DEFAULT FLASH_CACHE DEFAULT CELL_FLASH_CACHE DEFAULT)
  TABLESPACE "SYSTEM" ;
--------------------------------------------------------
--  DDL for Table NOTE
--------------------------------------------------------

  CREATE TABLE "NOTE" 
   (	"NOTESEQ" NUMBER, 
	"NOTESENDER" NVARCHAR2(20), 
	"NOTERECEIVER" NVARCHAR2(20), 
	"NOTETITLE" NVARCHAR2(20), 
	"NOTECONTENT" NVARCHAR2(1000), 
	"NOTEDATE" DATE, 
	"NOTECHECK" NUMBER, 
	"NOTEDELCHECK" NUMBER
   ) SEGMENT CREATION IMMEDIATE 
  PCTFREE 10 PCTUSED 40 INITRANS 1 MAXTRANS 255 NOCOMPRESS LOGGING
  STORAGE(INITIAL 65536 NEXT 1048576 MINEXTENTS 1 MAXEXTENTS 2147483645
  PCTINCREASE 0 FREELISTS 1 FREELIST GROUPS 1 BUFFER_POOL DEFAULT FLASH_CACHE DEFAULT CELL_FLASH_CACHE DEFAULT)
  TABLESPACE "SYSTEM" ;
--------------------------------------------------------
--  DDL for Table NOTICE
--------------------------------------------------------

  CREATE TABLE "NOTICE" 
   (	"NONUM" NUMBER, 
	"NOTITLE" NVARCHAR2(50), 
	"NOCONTENT" NVARCHAR2(2000), 
	"NOWRITER" NVARCHAR2(20), 
	"NODATE" DATE
   ) SEGMENT CREATION IMMEDIATE 
  PCTFREE 10 PCTUSED 40 INITRANS 1 MAXTRANS 255 NOCOMPRESS LOGGING
  STORAGE(INITIAL 65536 NEXT 1048576 MINEXTENTS 1 MAXEXTENTS 2147483645
  PCTINCREASE 0 FREELISTS 1 FREELIST GROUPS 1 BUFFER_POOL DEFAULT FLASH_CACHE DEFAULT CELL_FLASH_CACHE DEFAULT)
  TABLESPACE "SYSTEM" ;
--------------------------------------------------------
--  DDL for Table QUEST
--------------------------------------------------------

  CREATE TABLE "QUEST" 
   (	"QUNUM" NUMBER, 
	"QUTITLE" NVARCHAR2(20), 
	"QUCONTENT" NVARCHAR2(200), 
	"QUWRITER" NVARCHAR2(20), 
	"QUDATE" DATE, 
	"QUHIT" NUMBER, 
	"QUADATE" DATE, 
	"QUANSWER" NVARCHAR2(200)
   ) SEGMENT CREATION IMMEDIATE 
  PCTFREE 10 PCTUSED 40 INITRANS 1 MAXTRANS 255 NOCOMPRESS LOGGING
  STORAGE(INITIAL 65536 NEXT 1048576 MINEXTENTS 1 MAXEXTENTS 2147483645
  PCTINCREASE 0 FREELISTS 1 FREELIST GROUPS 1 BUFFER_POOL DEFAULT FLASH_CACHE DEFAULT CELL_FLASH_CACHE DEFAULT)
  TABLESPACE "SYSTEM" ;
--------------------------------------------------------
--  DDL for Table REGION
--------------------------------------------------------

  CREATE TABLE "REGION" 
   (	"RESEQ" NUMBER, 
	"RECITY" NVARCHAR2(10), 
	"RENINE" NVARCHAR2(10)
   ) SEGMENT CREATION IMMEDIATE 
  PCTFREE 10 PCTUSED 40 INITRANS 1 MAXTRANS 255 NOCOMPRESS LOGGING
  STORAGE(INITIAL 65536 NEXT 1048576 MINEXTENTS 1 MAXEXTENTS 2147483645
  PCTINCREASE 0 FREELISTS 1 FREELIST GROUPS 1 BUFFER_POOL DEFAULT FLASH_CACHE DEFAULT CELL_FLASH_CACHE DEFAULT)
  TABLESPACE "SYSTEM" ;
--------------------------------------------------------
--  DDL for Table REPQUE
--------------------------------------------------------

  CREATE TABLE "REPQUE" 
   (	"RQNUM" NUMBER, 
	"RQTITLE" NVARCHAR2(50), 
	"RQCONTENT" NVARCHAR2(2000), 
	"RQHIT" NUMBER, 
	"RQDATE" DATE, 
	"RQANSWER" NVARCHAR2(2000)
   ) SEGMENT CREATION IMMEDIATE 
  PCTFREE 10 PCTUSED 40 INITRANS 1 MAXTRANS 255 NOCOMPRESS LOGGING
  STORAGE(INITIAL 65536 NEXT 1048576 MINEXTENTS 1 MAXEXTENTS 2147483645
  PCTINCREASE 0 FREELISTS 1 FREELIST GROUPS 1 BUFFER_POOL DEFAULT FLASH_CACHE DEFAULT CELL_FLASH_CACHE DEFAULT)
  TABLESPACE "SYSTEM" ;
--------------------------------------------------------
--  DDL for Table REVIEW
--------------------------------------------------------

  CREATE TABLE "REVIEW" 
   (	"RVNUM" NUMBER, 
	"RVCONTENT" NVARCHAR2(200), 
	"RVWRITER" NVARCHAR2(20), 
	"RVDATE" DATE, 
	"RVGRADE" NUMBER, 
	"RVSELLER" NVARCHAR2(20), 
	"RVINUM" NUMBER
   ) SEGMENT CREATION IMMEDIATE 
  PCTFREE 10 PCTUSED 40 INITRANS 1 MAXTRANS 255 NOCOMPRESS LOGGING
  STORAGE(INITIAL 65536 NEXT 1048576 MINEXTENTS 1 MAXEXTENTS 2147483645
  PCTINCREASE 0 FREELISTS 1 FREELIST GROUPS 1 BUFFER_POOL DEFAULT FLASH_CACHE DEFAULT CELL_FLASH_CACHE DEFAULT)
  TABLESPACE "SYSTEM" ;
--------------------------------------------------------
--  DDL for Table SELL
--------------------------------------------------------

  CREATE TABLE "SELL" 
   (	"SELLSEQ" NUMBER, 
	"SELLSELLER" NVARCHAR2(20), 
	"SELLBUYER" NVARCHAR2(20), 
	"SELLNUM" NUMBER
   ) SEGMENT CREATION IMMEDIATE 
  PCTFREE 10 PCTUSED 40 INITRANS 1 MAXTRANS 255 NOCOMPRESS LOGGING
  STORAGE(INITIAL 65536 NEXT 1048576 MINEXTENTS 1 MAXEXTENTS 2147483645
  PCTINCREASE 0 FREELISTS 1 FREELIST GROUPS 1 BUFFER_POOL DEFAULT FLASH_CACHE DEFAULT CELL_FLASH_CACHE DEFAULT)
  TABLESPACE "SYSTEM" ;
--------------------------------------------------------
--  DDL for Table USERS
--------------------------------------------------------

  CREATE TABLE "USERS" 
   (	"USERID" NVARCHAR2(20), 
	"USERPW" NVARCHAR2(100), 
	"USERNAME" NVARCHAR2(20), 
	"USERBIRTH" DATE, 
	"USERGENDER" NVARCHAR2(3), 
	"USEREMAIL" NVARCHAR2(50), 
	"USERADDR" NVARCHAR2(50), 
	"USERCASH" NUMBER, 
	"USERGRADE" NUMBER, 
	"USERPROFILENAME" NVARCHAR2(50), 
	"USERSTOREINTRO" NVARCHAR2(1000), 
	"USERPHONE" NVARCHAR2(20), 
	"USERCHECK" NUMBER
   ) SEGMENT CREATION IMMEDIATE 
  PCTFREE 10 PCTUSED 40 INITRANS 1 MAXTRANS 255 NOCOMPRESS LOGGING
  STORAGE(INITIAL 65536 NEXT 1048576 MINEXTENTS 1 MAXEXTENTS 2147483645
  PCTINCREASE 0 FREELISTS 1 FREELIST GROUPS 1 BUFFER_POOL DEFAULT FLASH_CACHE DEFAULT CELL_FLASH_CACHE DEFAULT)
  TABLESPACE "SYSTEM" ;
--------------------------------------------------------
--  DDL for View BOLIST
--------------------------------------------------------

  CREATE OR REPLACE VIEW "BOLIST" ("RN", "BONUM", "BOTITLE", "BOCONTENT", "BOWRITER", "BODATE", "BOFILENAME") AS 
  SELECT ROW_NUMBER() OVER(ORDER BY BONUM DESC) AS RN, BOARD."BONUM",BOARD."BOTITLE",BOARD."BOCONTENT",BOARD."BOWRITER",BOARD."BODATE",BOARD."BOFILENAME"
FROM BOARD
;
--------------------------------------------------------
--  DDL for View ITEMLIST
--------------------------------------------------------

  CREATE OR REPLACE VIEW "ITEMLIST" ("RN", "ITEMNUM", "ITEMNAME", "ITEMCONTENT", "ITEMPRICE", "ITEMREGION", "ITEMPHOTONAME", "ITEMCATEGORY", "ITEMSELLER", "ITEMLIKE", "ITEMHIT", "ITEMDATE", "ITEMCHECK") AS 
  SELECT ROW_NUMBER() OVER(ORDER BY ITEMNUM DESC) AS RN, ITEM."ITEMNUM",ITEM."ITEMNAME",ITEM."ITEMCONTENT",ITEM."ITEMPRICE",ITEM."ITEMREGION",ITEM."ITEMPHOTONAME",ITEM."ITEMCATEGORY",ITEM."ITEMSELLER",ITEM."ITEMLIKE",ITEM."ITEMHIT",ITEM."ITEMDATE",ITEM."ITEMCHECK"
FROM ITEM
;
--------------------------------------------------------
--  DDL for View NOTEGETLIST
--------------------------------------------------------

  CREATE OR REPLACE VIEW "NOTEGETLIST" ("RN", "NOTESEQ", "NOTESENDER", "NOTERECEIVER", "NOTETITLE", "NOTECONTENT", "NOTEDATE", "NOTECHECK") AS 
  SELECT ROW_NUMBER() OVER(ORDER BY NOTESEQ DESC) AS RN, NOTE."NOTESEQ",NOTE."NOTESENDER",NOTE."NOTERECEIVER",NOTE."NOTETITLE",NOTE."NOTECONTENT",NOTE."NOTEDATE",NOTE."NOTECHECK"
FROM NOTE
;
REM INSERTING into AUCTION
SET DEFINE OFF;
Insert into AUCTION (AUNUM,AUNAME,AUCONTENT,AUPRICE,AUREGION,AUPHOTONAME,AUCATEGORY,AUSELLER,AULIKE,AUHIT,AUDATE,AUCHECK,AUBUYER,AUDEADLINE,AUPHOTO1NAME,AUPHOTO2NAME,AUPHOTO3NAME) values (21,'남성상의','남성의류남성상의',11001,125,'100.jpg',100,'admin',1,11,to_date('2023-01-18 09:26:32','YYYY-MM-DD HH24:MI:SS'),0,null,to_date('2023-02-27 09:26:49','YYYY-MM-DD HH24:MI:SS'),null,null,null);
Insert into AUCTION (AUNUM,AUNAME,AUCONTENT,AUPRICE,AUREGION,AUPHOTONAME,AUCATEGORY,AUSELLER,AULIKE,AUHIT,AUDATE,AUCHECK,AUBUYER,AUDEADLINE,AUPHOTO1NAME,AUPHOTO2NAME,AUPHOTO3NAME) values (22,'남성상의','남성의류남성상의',13000,125,'100.jpg',100,'admin',0,2,to_date('2023-01-18 09:26:49','YYYY-MM-DD HH24:MI:SS'),0,null,to_date('2023-02-27 09:26:49','YYYY-MM-DD HH24:MI:SS'),null,null,null);
Insert into AUCTION (AUNUM,AUNAME,AUCONTENT,AUPRICE,AUREGION,AUPHOTONAME,AUCATEGORY,AUSELLER,AULIKE,AUHIT,AUDATE,AUCHECK,AUBUYER,AUDEADLINE,AUPHOTO1NAME,AUPHOTO2NAME,AUPHOTO3NAME) values (23,'남성하의','남성의류남성하의',11000,126,'101.jpg',101,'admin',4,17,to_date('2023-01-18 09:26:49','YYYY-MM-DD HH24:MI:SS'),0,null,to_date('2023-02-26 09:26:49','YYYY-MM-DD HH24:MI:SS'),null,null,null);
Insert into AUCTION (AUNUM,AUNAME,AUCONTENT,AUPRICE,AUREGION,AUPHOTONAME,AUCATEGORY,AUSELLER,AULIKE,AUHIT,AUDATE,AUCHECK,AUBUYER,AUDEADLINE,AUPHOTO1NAME,AUPHOTO2NAME,AUPHOTO3NAME) values (24,'남성속옷','남성의류남성속옷',13500,127,'102.jpg',102,'admin',1,12,to_date('2023-01-18 09:26:49','YYYY-MM-DD HH24:MI:SS'),0,null,to_date('2023-02-27 09:26:49','YYYY-MM-DD HH24:MI:SS'),null,null,null);
Insert into AUCTION (AUNUM,AUNAME,AUCONTENT,AUPRICE,AUREGION,AUPHOTONAME,AUCATEGORY,AUSELLER,AULIKE,AUHIT,AUDATE,AUCHECK,AUBUYER,AUDEADLINE,AUPHOTO1NAME,AUPHOTO2NAME,AUPHOTO3NAME) values (25,'남성 기타의류','남성의류남성 기타의류',12000,128,'103.jpg',103,'admin',2,8,to_date('2023-01-18 09:26:49','YYYY-MM-DD HH24:MI:SS'),0,null,to_date('2023-02-27 09:26:49','YYYY-MM-DD HH24:MI:SS'),null,null,null);
Insert into AUCTION (AUNUM,AUNAME,AUCONTENT,AUPRICE,AUREGION,AUPHOTONAME,AUCATEGORY,AUSELLER,AULIKE,AUHIT,AUDATE,AUCHECK,AUBUYER,AUDEADLINE,AUPHOTO1NAME,AUPHOTO2NAME,AUPHOTO3NAME) values (26,'여성 상의','여성의류여성 상의',10000,129,'200.jpg',200,'admin',0,8,to_date('2023-01-18 09:26:49','YYYY-MM-DD HH24:MI:SS'),0,null,to_date('2023-02-27 09:26:49','YYYY-MM-DD HH24:MI:SS'),null,null,null);
Insert into AUCTION (AUNUM,AUNAME,AUCONTENT,AUPRICE,AUREGION,AUPHOTONAME,AUCATEGORY,AUSELLER,AULIKE,AUHIT,AUDATE,AUCHECK,AUBUYER,AUDEADLINE,AUPHOTO1NAME,AUPHOTO2NAME,AUPHOTO3NAME) values (27,'여성 하의','여성의류여성 하의',10000,130,'201.jpg',201,'admin',1,9,to_date('2023-01-18 09:26:49','YYYY-MM-DD HH24:MI:SS'),0,null,to_date('2023-02-26 09:26:49','YYYY-MM-DD HH24:MI:SS'),null,null,null);
Insert into AUCTION (AUNUM,AUNAME,AUCONTENT,AUPRICE,AUREGION,AUPHOTONAME,AUCATEGORY,AUSELLER,AULIKE,AUHIT,AUDATE,AUCHECK,AUBUYER,AUDEADLINE,AUPHOTO1NAME,AUPHOTO2NAME,AUPHOTO3NAME) values (28,'여성 속옷','여성의류여성 속옷',10000,131,'202.jpg',202,'admin',1,1,to_date('2023-01-18 09:26:49','YYYY-MM-DD HH24:MI:SS'),0,null,to_date('2023-02-27 09:26:49','YYYY-MM-DD HH24:MI:SS'),null,null,null);
Insert into AUCTION (AUNUM,AUNAME,AUCONTENT,AUPRICE,AUREGION,AUPHOTONAME,AUCATEGORY,AUSELLER,AULIKE,AUHIT,AUDATE,AUCHECK,AUBUYER,AUDEADLINE,AUPHOTO1NAME,AUPHOTO2NAME,AUPHOTO3NAME) values (29,'여성 기타의류','여성의류여성 기타의류',10000,132,'203.jpg',203,'admin',0,3,to_date('2023-01-18 09:26:49','YYYY-MM-DD HH24:MI:SS'),0,null,to_date('2023-02-27 09:26:49','YYYY-MM-DD HH24:MI:SS'),null,null,null);
Insert into AUCTION (AUNUM,AUNAME,AUCONTENT,AUPRICE,AUREGION,AUPHOTONAME,AUCATEGORY,AUSELLER,AULIKE,AUHIT,AUDATE,AUCHECK,AUBUYER,AUDEADLINE,AUPHOTO1NAME,AUPHOTO2NAME,AUPHOTO3NAME) values (30,'스니커즈','신발스니커즈',10000,133,'300.jpg',300,'admin',0,3,to_date('2023-01-18 09:26:49','YYYY-MM-DD HH24:MI:SS'),0,null,to_date('2023-02-27 09:26:49','YYYY-MM-DD HH24:MI:SS'),null,null,null);
Insert into AUCTION (AUNUM,AUNAME,AUCONTENT,AUPRICE,AUREGION,AUPHOTONAME,AUCATEGORY,AUSELLER,AULIKE,AUHIT,AUDATE,AUCHECK,AUBUYER,AUDEADLINE,AUPHOTO1NAME,AUPHOTO2NAME,AUPHOTO3NAME) values (31,'남성화','신발남성화',10000,134,'301.jpg',301,'admin',0,1,to_date('2023-01-18 09:26:49','YYYY-MM-DD HH24:MI:SS'),0,null,to_date('2023-02-27 09:26:49','YYYY-MM-DD HH24:MI:SS'),null,null,null);
Insert into AUCTION (AUNUM,AUNAME,AUCONTENT,AUPRICE,AUREGION,AUPHOTONAME,AUCATEGORY,AUSELLER,AULIKE,AUHIT,AUDATE,AUCHECK,AUBUYER,AUDEADLINE,AUPHOTO1NAME,AUPHOTO2NAME,AUPHOTO3NAME) values (32,'여성화','신발여성화',10000,135,'302.jpg',302,'admin',0,1,to_date('2023-01-18 09:26:49','YYYY-MM-DD HH24:MI:SS'),0,null,to_date('2023-02-27 09:26:49','YYYY-MM-DD HH24:MI:SS'),null,null,null);
Insert into AUCTION (AUNUM,AUNAME,AUCONTENT,AUPRICE,AUREGION,AUPHOTONAME,AUCATEGORY,AUSELLER,AULIKE,AUHIT,AUDATE,AUCHECK,AUBUYER,AUDEADLINE,AUPHOTO1NAME,AUPHOTO2NAME,AUPHOTO3NAME) values (33,'기타 신발','신발기타 신발',10000,136,'303.jpg',303,'admin',0,1,to_date('2023-01-18 09:26:49','YYYY-MM-DD HH24:MI:SS'),0,null,to_date('2023-02-27 09:26:49','YYYY-MM-DD HH24:MI:SS'),null,null,null);
Insert into AUCTION (AUNUM,AUNAME,AUCONTENT,AUPRICE,AUREGION,AUPHOTONAME,AUCATEGORY,AUSELLER,AULIKE,AUHIT,AUDATE,AUCHECK,AUBUYER,AUDEADLINE,AUPHOTO1NAME,AUPHOTO2NAME,AUPHOTO3NAME) values (34,'시계','액세서리/잡화시계',10000,137,'400.jpg',400,'admin',1,14,to_date('2023-01-18 09:26:49','YYYY-MM-DD HH24:MI:SS'),0,null,to_date('2023-02-26 09:26:49','YYYY-MM-DD HH24:MI:SS'),null,null,null);
Insert into AUCTION (AUNUM,AUNAME,AUCONTENT,AUPRICE,AUREGION,AUPHOTONAME,AUCATEGORY,AUSELLER,AULIKE,AUHIT,AUDATE,AUCHECK,AUBUYER,AUDEADLINE,AUPHOTO1NAME,AUPHOTO2NAME,AUPHOTO3NAME) values (35,'쥬얼리','액세서리/잡화쥬얼리',10000,138,'401.jpg',401,'admin',0,1,to_date('2023-01-18 09:26:49','YYYY-MM-DD HH24:MI:SS'),0,null,to_date('2023-02-27 09:26:49','YYYY-MM-DD HH24:MI:SS'),null,null,null);
Insert into AUCTION (AUNUM,AUNAME,AUCONTENT,AUPRICE,AUREGION,AUPHOTONAME,AUCATEGORY,AUSELLER,AULIKE,AUHIT,AUDATE,AUCHECK,AUBUYER,AUDEADLINE,AUPHOTO1NAME,AUPHOTO2NAME,AUPHOTO3NAME) values (36,'지갑','액세서리/잡화지갑',10000,139,'402.jpg',402,'admin',0,1,to_date('2023-01-18 09:26:49','YYYY-MM-DD HH24:MI:SS'),0,null,to_date('2023-02-27 09:26:49','YYYY-MM-DD HH24:MI:SS'),null,null,null);
Insert into AUCTION (AUNUM,AUNAME,AUCONTENT,AUPRICE,AUREGION,AUPHOTONAME,AUCATEGORY,AUSELLER,AULIKE,AUHIT,AUDATE,AUCHECK,AUBUYER,AUDEADLINE,AUPHOTO1NAME,AUPHOTO2NAME,AUPHOTO3NAME) values (37,'안경/선글라스','액세서리/잡화안경/선글라스',11000,140,'403.jpg',403,'admin',0,4,to_date('2023-01-18 09:26:49','YYYY-MM-DD HH24:MI:SS'),0,null,to_date('2023-02-27 09:26:49','YYYY-MM-DD HH24:MI:SS'),null,null,null);
Insert into AUCTION (AUNUM,AUNAME,AUCONTENT,AUPRICE,AUREGION,AUPHOTONAME,AUCATEGORY,AUSELLER,AULIKE,AUHIT,AUDATE,AUCHECK,AUBUYER,AUDEADLINE,AUPHOTO1NAME,AUPHOTO2NAME,AUPHOTO3NAME) values (38,'기타 액세서리','액세서리/잡화기타 액세서리',12000,141,'404.jpg',404,'admin',0,2,to_date('2023-01-18 09:26:49','YYYY-MM-DD HH24:MI:SS'),0,null,to_date('2023-02-27 09:26:49','YYYY-MM-DD HH24:MI:SS'),null,null,null);
Insert into AUCTION (AUNUM,AUNAME,AUCONTENT,AUPRICE,AUREGION,AUPHOTONAME,AUCATEGORY,AUSELLER,AULIKE,AUHIT,AUDATE,AUCHECK,AUBUYER,AUDEADLINE,AUPHOTO1NAME,AUPHOTO2NAME,AUPHOTO3NAME) values (39,'모바일','디지털/가전모바일',10000,142,'500.jpg',500,'admin',0,1,to_date('2023-01-18 09:26:49','YYYY-MM-DD HH24:MI:SS'),0,null,to_date('2023-02-27 09:26:49','YYYY-MM-DD HH24:MI:SS'),null,null,null);
Insert into AUCTION (AUNUM,AUNAME,AUCONTENT,AUPRICE,AUREGION,AUPHOTONAME,AUCATEGORY,AUSELLER,AULIKE,AUHIT,AUDATE,AUCHECK,AUBUYER,AUDEADLINE,AUPHOTO1NAME,AUPHOTO2NAME,AUPHOTO3NAME) values (40,'가전제품','디지털/가전가전제품',10000,143,'501.jpg',501,'admin',1,8,to_date('2023-01-18 09:26:49','YYYY-MM-DD HH24:MI:SS'),0,null,to_date('2023-02-26 09:26:49','YYYY-MM-DD HH24:MI:SS'),null,null,null);
Insert into AUCTION (AUNUM,AUNAME,AUCONTENT,AUPRICE,AUREGION,AUPHOTONAME,AUCATEGORY,AUSELLER,AULIKE,AUHIT,AUDATE,AUCHECK,AUBUYER,AUDEADLINE,AUPHOTO1NAME,AUPHOTO2NAME,AUPHOTO3NAME) values (41,'오디오/영상/관련기기','디지털/가전오디오/영상/관련기기',10000,144,'502.jpg',502,'admin',0,1,to_date('2023-01-18 09:26:49','YYYY-MM-DD HH24:MI:SS'),0,null,to_date('2023-02-27 09:26:49','YYYY-MM-DD HH24:MI:SS'),null,null,null);
Insert into AUCTION (AUNUM,AUNAME,AUCONTENT,AUPRICE,AUREGION,AUPHOTONAME,AUCATEGORY,AUSELLER,AULIKE,AUHIT,AUDATE,AUCHECK,AUBUYER,AUDEADLINE,AUPHOTO1NAME,AUPHOTO2NAME,AUPHOTO3NAME) values (42,'PC/노트북','디지털/가전PC/노트북',10000,145,'503.jpg',503,'admin',0,1,to_date('2023-01-18 09:26:49','YYYY-MM-DD HH24:MI:SS'),0,null,to_date('2023-02-27 09:26:49','YYYY-MM-DD HH24:MI:SS'),null,null,null);
Insert into AUCTION (AUNUM,AUNAME,AUCONTENT,AUPRICE,AUREGION,AUPHOTONAME,AUCATEGORY,AUSELLER,AULIKE,AUHIT,AUDATE,AUCHECK,AUBUYER,AUDEADLINE,AUPHOTO1NAME,AUPHOTO2NAME,AUPHOTO3NAME) values (43,'게임/타이틀','디지털/가전게임/타이틀',10000,146,'504.jpg',504,'admin',0,2,to_date('2023-01-18 09:26:49','YYYY-MM-DD HH24:MI:SS'),0,null,to_date('2023-02-27 09:26:49','YYYY-MM-DD HH24:MI:SS'),null,null,null);
Insert into AUCTION (AUNUM,AUNAME,AUCONTENT,AUPRICE,AUREGION,AUPHOTONAME,AUCATEGORY,AUSELLER,AULIKE,AUHIT,AUDATE,AUCHECK,AUBUYER,AUDEADLINE,AUPHOTO1NAME,AUPHOTO2NAME,AUPHOTO3NAME) values (44,'기타 전자기기','디지털/가전기타 전자기기',10000,147,'505.jpg',505,'admin',0,1,to_date('2023-01-18 09:26:49','YYYY-MM-DD HH24:MI:SS'),0,null,to_date('2023-02-27 09:26:49','YYYY-MM-DD HH24:MI:SS'),null,null,null);
Insert into AUCTION (AUNUM,AUNAME,AUCONTENT,AUPRICE,AUREGION,AUPHOTONAME,AUCATEGORY,AUSELLER,AULIKE,AUHIT,AUDATE,AUCHECK,AUBUYER,AUDEADLINE,AUPHOTO1NAME,AUPHOTO2NAME,AUPHOTO3NAME) values (45,'골프','스포츠/레저골프',10000,148,'600.jpg',600,'admin',0,1,to_date('2023-01-18 09:26:49','YYYY-MM-DD HH24:MI:SS'),0,null,to_date('2023-02-27 09:26:49','YYYY-MM-DD HH24:MI:SS'),null,null,null);
Insert into AUCTION (AUNUM,AUNAME,AUCONTENT,AUPRICE,AUREGION,AUPHOTONAME,AUCATEGORY,AUSELLER,AULIKE,AUHIT,AUDATE,AUCHECK,AUBUYER,AUDEADLINE,AUPHOTO1NAME,AUPHOTO2NAME,AUPHOTO3NAME) values (46,'캠핑','스포츠/레저캠핑',10000,149,'601.jpg',601,'admin',0,2,to_date('2023-01-18 09:26:49','YYYY-MM-DD HH24:MI:SS'),0,null,to_date('2023-02-27 09:26:49','YYYY-MM-DD HH24:MI:SS'),null,null,null);
Insert into AUCTION (AUNUM,AUNAME,AUCONTENT,AUPRICE,AUREGION,AUPHOTONAME,AUCATEGORY,AUSELLER,AULIKE,AUHIT,AUDATE,AUCHECK,AUBUYER,AUDEADLINE,AUPHOTO1NAME,AUPHOTO2NAME,AUPHOTO3NAME) values (47,'낚시','스포츠/레저낚시',15500,150,'602.jpg',602,'admin',0,11,to_date('2023-01-18 09:26:49','YYYY-MM-DD HH24:MI:SS'),0,null,to_date('2023-02-27 09:26:49','YYYY-MM-DD HH24:MI:SS'),null,null,null);
Insert into AUCTION (AUNUM,AUNAME,AUCONTENT,AUPRICE,AUREGION,AUPHOTONAME,AUCATEGORY,AUSELLER,AULIKE,AUHIT,AUDATE,AUCHECK,AUBUYER,AUDEADLINE,AUPHOTO1NAME,AUPHOTO2NAME,AUPHOTO3NAME) values (48,'축구','스포츠/레저축구',10000,156,'603.jpg',603,'admin',0,1,to_date('2023-01-18 09:26:49','YYYY-MM-DD HH24:MI:SS'),0,null,to_date('2023-02-27 09:26:49','YYYY-MM-DD HH24:MI:SS'),null,null,null);
Insert into AUCTION (AUNUM,AUNAME,AUCONTENT,AUPRICE,AUREGION,AUPHOTONAME,AUCATEGORY,AUSELLER,AULIKE,AUHIT,AUDATE,AUCHECK,AUBUYER,AUDEADLINE,AUPHOTO1NAME,AUPHOTO2NAME,AUPHOTO3NAME) values (49,'자전거','스포츠/레저자전거',10000,157,'604.jpg',604,'admin',0,1,to_date('2023-01-18 09:26:49','YYYY-MM-DD HH24:MI:SS'),0,null,to_date('2023-02-27 09:26:49','YYYY-MM-DD HH24:MI:SS'),null,null,null);
Insert into AUCTION (AUNUM,AUNAME,AUCONTENT,AUPRICE,AUREGION,AUPHOTONAME,AUCATEGORY,AUSELLER,AULIKE,AUHIT,AUDATE,AUCHECK,AUBUYER,AUDEADLINE,AUPHOTO1NAME,AUPHOTO2NAME,AUPHOTO3NAME) values (50,'기타 스포츠/레저 용품','스포츠/레저기타 스포츠/레저 용품',10000,158,'605.jpg',605,'admin',0,2,to_date('2023-01-18 09:26:49','YYYY-MM-DD HH24:MI:SS'),0,null,to_date('2023-02-27 09:26:49','YYYY-MM-DD HH24:MI:SS'),null,null,null);
Insert into AUCTION (AUNUM,AUNAME,AUCONTENT,AUPRICE,AUREGION,AUPHOTONAME,AUCATEGORY,AUSELLER,AULIKE,AUHIT,AUDATE,AUCHECK,AUBUYER,AUDEADLINE,AUPHOTO1NAME,AUPHOTO2NAME,AUPHOTO3NAME) values (51,'도서','도서/티켓/문구도서',10000,159,'700.jpg',700,'admin',0,2,to_date('2023-01-18 09:26:49','YYYY-MM-DD HH24:MI:SS'),0,null,to_date('2023-02-27 09:26:49','YYYY-MM-DD HH24:MI:SS'),null,null,null);
Insert into AUCTION (AUNUM,AUNAME,AUCONTENT,AUPRICE,AUREGION,AUPHOTONAME,AUCATEGORY,AUSELLER,AULIKE,AUHIT,AUDATE,AUCHECK,AUBUYER,AUDEADLINE,AUPHOTO1NAME,AUPHOTO2NAME,AUPHOTO3NAME) values (52,'문구','도서/티켓/문구문구',10000,160,'701.jpg',701,'admin',0,1,to_date('2023-01-18 09:26:49','YYYY-MM-DD HH24:MI:SS'),0,null,to_date('2023-02-27 09:26:49','YYYY-MM-DD HH24:MI:SS'),null,null,null);
Insert into AUCTION (AUNUM,AUNAME,AUCONTENT,AUPRICE,AUREGION,AUPHOTONAME,AUCATEGORY,AUSELLER,AULIKE,AUHIT,AUDATE,AUCHECK,AUBUYER,AUDEADLINE,AUPHOTO1NAME,AUPHOTO2NAME,AUPHOTO3NAME) values (53,'기프티콘/쿠폰','도서/티켓/문구기프티콘/쿠폰',10500,161,'702.jpg',702,'admin',0,4,to_date('2023-01-18 09:26:49','YYYY-MM-DD HH24:MI:SS'),0,null,to_date('2023-02-27 09:26:49','YYYY-MM-DD HH24:MI:SS'),null,null,null);
Insert into AUCTION (AUNUM,AUNAME,AUCONTENT,AUPRICE,AUREGION,AUPHOTONAME,AUCATEGORY,AUSELLER,AULIKE,AUHIT,AUDATE,AUCHECK,AUBUYER,AUDEADLINE,AUPHOTO1NAME,AUPHOTO2NAME,AUPHOTO3NAME) values (54,'티켓','도서/티켓/문구티켓',10000,162,'703.jpg',703,'admin',0,1,to_date('2023-01-18 09:26:49','YYYY-MM-DD HH24:MI:SS'),0,null,to_date('2023-02-27 09:26:49','YYYY-MM-DD HH24:MI:SS'),null,null,null);
Insert into AUCTION (AUNUM,AUNAME,AUCONTENT,AUPRICE,AUREGION,AUPHOTONAME,AUCATEGORY,AUSELLER,AULIKE,AUHIT,AUDATE,AUCHECK,AUBUYER,AUDEADLINE,AUPHOTO1NAME,AUPHOTO2NAME,AUPHOTO3NAME) values (55,'스킨케어','뷰티/미용스킨케어',11000,163,'800.jpg',800,'admin',0,7,to_date('2023-01-18 09:26:49','YYYY-MM-DD HH24:MI:SS'),0,null,to_date('2023-02-27 09:26:49','YYYY-MM-DD HH24:MI:SS'),null,null,null);
Insert into AUCTION (AUNUM,AUNAME,AUCONTENT,AUPRICE,AUREGION,AUPHOTONAME,AUCATEGORY,AUSELLER,AULIKE,AUHIT,AUDATE,AUCHECK,AUBUYER,AUDEADLINE,AUPHOTO1NAME,AUPHOTO2NAME,AUPHOTO3NAME) values (56,'메이크업','뷰티/미용메이크업',10000,164,'801.jpg',801,'admin',0,1,to_date('2023-01-18 09:26:50','YYYY-MM-DD HH24:MI:SS'),0,null,to_date('2023-02-27 09:26:49','YYYY-MM-DD HH24:MI:SS'),null,null,null);
Insert into AUCTION (AUNUM,AUNAME,AUCONTENT,AUPRICE,AUREGION,AUPHOTONAME,AUCATEGORY,AUSELLER,AULIKE,AUHIT,AUDATE,AUCHECK,AUBUYER,AUDEADLINE,AUPHOTO1NAME,AUPHOTO2NAME,AUPHOTO3NAME) values (57,'바디/헤어케어','뷰티/미용바디/헤어케어',10000,165,'802.jpg',802,'admin',0,1,to_date('2023-01-18 09:26:50','YYYY-MM-DD HH24:MI:SS'),0,null,to_date('2023-02-27 09:26:49','YYYY-MM-DD HH24:MI:SS'),null,null,null);
Insert into AUCTION (AUNUM,AUNAME,AUCONTENT,AUPRICE,AUREGION,AUPHOTONAME,AUCATEGORY,AUSELLER,AULIKE,AUHIT,AUDATE,AUCHECK,AUBUYER,AUDEADLINE,AUPHOTO1NAME,AUPHOTO2NAME,AUPHOTO3NAME) values (58,'향수/아로마','뷰티/미용향수/아로마',10000,20,'803.jpg',803,'admin',0,1,to_date('2023-01-18 09:26:50','YYYY-MM-DD HH24:MI:SS'),0,null,to_date('2023-02-27 09:26:49','YYYY-MM-DD HH24:MI:SS'),null,null,null);
Insert into AUCTION (AUNUM,AUNAME,AUCONTENT,AUPRICE,AUREGION,AUPHOTONAME,AUCATEGORY,AUSELLER,AULIKE,AUHIT,AUDATE,AUCHECK,AUBUYER,AUDEADLINE,AUPHOTO1NAME,AUPHOTO2NAME,AUPHOTO3NAME) values (59,'남성화장품','뷰티/미용남성화장품',10000,21,'804.jpg',804,'admin',0,3,to_date('2023-01-18 09:26:50','YYYY-MM-DD HH24:MI:SS'),0,null,to_date('2023-02-27 09:26:49','YYYY-MM-DD HH24:MI:SS'),null,null,null);
Insert into AUCTION (AUNUM,AUNAME,AUCONTENT,AUPRICE,AUREGION,AUPHOTONAME,AUCATEGORY,AUSELLER,AULIKE,AUHIT,AUDATE,AUCHECK,AUBUYER,AUDEADLINE,AUPHOTO1NAME,AUPHOTO2NAME,AUPHOTO3NAME) values (60,'기타 뷰티/미용 용품','뷰티/미용기타 뷰티/미용 용품',10000,22,'805.jpg',805,'admin',0,2,to_date('2023-01-18 09:26:50','YYYY-MM-DD HH24:MI:SS'),0,null,to_date('2023-02-27 09:26:49','YYYY-MM-DD HH24:MI:SS'),null,null,null);
Insert into AUCTION (AUNUM,AUNAME,AUCONTENT,AUPRICE,AUREGION,AUPHOTONAME,AUCATEGORY,AUSELLER,AULIKE,AUHIT,AUDATE,AUCHECK,AUBUYER,AUDEADLINE,AUPHOTO1NAME,AUPHOTO2NAME,AUPHOTO3NAME) values (61,'주방용품','생활/가공식품주방용품',10000,23,'900.jpg',900,'admin',1,3,to_date('2023-01-18 09:26:50','YYYY-MM-DD HH24:MI:SS'),0,null,to_date('2023-02-27 09:26:49','YYYY-MM-DD HH24:MI:SS'),null,null,null);
Insert into AUCTION (AUNUM,AUNAME,AUCONTENT,AUPRICE,AUREGION,AUPHOTONAME,AUCATEGORY,AUSELLER,AULIKE,AUHIT,AUDATE,AUCHECK,AUBUYER,AUDEADLINE,AUPHOTO1NAME,AUPHOTO2NAME,AUPHOTO3NAME) values (62,'생활용품','생활/가공식품생활용품',11000,24,'901.jpg',901,'admin',0,2,to_date('2023-01-18 09:26:50','YYYY-MM-DD HH24:MI:SS'),0,null,to_date('2023-02-27 09:26:49','YYYY-MM-DD HH24:MI:SS'),null,null,null);
Insert into AUCTION (AUNUM,AUNAME,AUCONTENT,AUPRICE,AUREGION,AUPHOTONAME,AUCATEGORY,AUSELLER,AULIKE,AUHIT,AUDATE,AUCHECK,AUBUYER,AUDEADLINE,AUPHOTO1NAME,AUPHOTO2NAME,AUPHOTO3NAME) values (63,'식품','생활/가공식품식품',20000,25,'902.jpg',902,'admin',0,3,to_date('2023-01-18 09:26:50','YYYY-MM-DD HH24:MI:SS'),0,null,to_date('2023-02-27 09:26:49','YYYY-MM-DD HH24:MI:SS'),null,null,null);
Insert into AUCTION (AUNUM,AUNAME,AUCONTENT,AUPRICE,AUREGION,AUPHOTONAME,AUCATEGORY,AUSELLER,AULIKE,AUHIT,AUDATE,AUCHECK,AUBUYER,AUDEADLINE,AUPHOTO1NAME,AUPHOTO2NAME,AUPHOTO3NAME) values (64,'산업용품','생활/가공식품산업용품',15000,26,'903.jpg',903,'admin',0,10,to_date('2023-01-18 09:26:50','YYYY-MM-DD HH24:MI:SS'),0,null,to_date('2023-02-27 09:26:49','YYYY-MM-DD HH24:MI:SS'),null,null,null);
Insert into AUCTION (AUNUM,AUNAME,AUCONTENT,AUPRICE,AUREGION,AUPHOTONAME,AUCATEGORY,AUSELLER,AULIKE,AUHIT,AUDATE,AUCHECK,AUBUYER,AUDEADLINE,AUPHOTO1NAME,AUPHOTO2NAME,AUPHOTO3NAME) values (65,'베이비의류(0~2세)','유아동베이비의류(0~2세)',16300,27,'1000.jpg',1000,'admin',1,30,to_date('2023-01-18 09:26:50','YYYY-MM-DD HH24:MI:SS'),0,null,to_date('2023-02-27 09:26:49','YYYY-MM-DD HH24:MI:SS'),null,null,null);
Insert into AUCTION (AUNUM,AUNAME,AUCONTENT,AUPRICE,AUREGION,AUPHOTONAME,AUCATEGORY,AUSELLER,AULIKE,AUHIT,AUDATE,AUCHECK,AUBUYER,AUDEADLINE,AUPHOTO1NAME,AUPHOTO2NAME,AUPHOTO3NAME) values (66,'남아의류(3세~)','유아동남아의류(3세~)',10000,28,'1001.jpg',1001,'admin',1,2,to_date('2023-01-18 09:26:50','YYYY-MM-DD HH24:MI:SS'),0,null,to_date('2023-02-27 09:26:49','YYYY-MM-DD HH24:MI:SS'),null,null,null);
Insert into AUCTION (AUNUM,AUNAME,AUCONTENT,AUPRICE,AUREGION,AUPHOTONAME,AUCATEGORY,AUSELLER,AULIKE,AUHIT,AUDATE,AUCHECK,AUBUYER,AUDEADLINE,AUPHOTO1NAME,AUPHOTO2NAME,AUPHOTO3NAME) values (67,'여아의류(3세~)','유아동여아의류(3세~)',13000,29,'1002.jpg',1002,'admin',0,4,to_date('2023-01-18 09:26:50','YYYY-MM-DD HH24:MI:SS'),0,'syh213',to_date('2023-02-27 09:26:49','YYYY-MM-DD HH24:MI:SS'),null,null,null);
Insert into AUCTION (AUNUM,AUNAME,AUCONTENT,AUPRICE,AUREGION,AUPHOTONAME,AUCATEGORY,AUSELLER,AULIKE,AUHIT,AUDATE,AUCHECK,AUBUYER,AUDEADLINE,AUPHOTO1NAME,AUPHOTO2NAME,AUPHOTO3NAME) values (68,'교육/완구/인형','유아동교육/완구/인형',10000,30,'1003.jpg',1003,'admin',1,14,to_date('2023-01-18 09:26:50','YYYY-MM-DD HH24:MI:SS'),0,null,to_date('2023-02-27 09:26:49','YYYY-MM-DD HH24:MI:SS'),null,null,null);
Insert into AUCTION (AUNUM,AUNAME,AUCONTENT,AUPRICE,AUREGION,AUPHOTONAME,AUCATEGORY,AUSELLER,AULIKE,AUHIT,AUDATE,AUCHECK,AUBUYER,AUDEADLINE,AUPHOTO1NAME,AUPHOTO2NAME,AUPHOTO3NAME) values (69,'이유용품/유아식기','유아동이유용품/유아식기',13000,31,'1004.jpg',1004,'admin',1,31,to_date('2023-01-18 09:26:50','YYYY-MM-DD HH24:MI:SS'),0,null,to_date('2023-02-27 09:26:49','YYYY-MM-DD HH24:MI:SS'),null,null,null);
Insert into AUCTION (AUNUM,AUNAME,AUCONTENT,AUPRICE,AUREGION,AUPHOTONAME,AUCATEGORY,AUSELLER,AULIKE,AUHIT,AUDATE,AUCHECK,AUBUYER,AUDEADLINE,AUPHOTO1NAME,AUPHOTO2NAME,AUPHOTO3NAME) values (70,'기타 유아동 용품','유아동기타 유아동 용품',12000,32,'1005.jpg',1005,'admin',0,7,to_date('2023-01-18 09:26:50','YYYY-MM-DD HH24:MI:SS'),0,null,to_date('2023-02-27 09:26:49','YYYY-MM-DD HH24:MI:SS'),null,null,null);
Insert into AUCTION (AUNUM,AUNAME,AUCONTENT,AUPRICE,AUREGION,AUPHOTONAME,AUCATEGORY,AUSELLER,AULIKE,AUHIT,AUDATE,AUCHECK,AUBUYER,AUDEADLINE,AUPHOTO1NAME,AUPHOTO2NAME,AUPHOTO3NAME) values (184,'한번만 사주세요','한번만 사주세요',8000,20,'c2ee1a04_683e16ddf6ff44aa8de208c179655808.gif',103,'qkrtldnjs',1,10,to_date('2023-02-24 14:37:30','YYYY-MM-DD HH24:MI:SS'),0,'admin',to_date('2023-02-25 14:37:30','YYYY-MM-DD HH24:MI:SS'),null,null,null);
Insert into AUCTION (AUNUM,AUNAME,AUCONTENT,AUPRICE,AUREGION,AUPHOTONAME,AUCATEGORY,AUSELLER,AULIKE,AUHIT,AUDATE,AUCHECK,AUBUYER,AUDEADLINE,AUPHOTO1NAME,AUPHOTO2NAME,AUPHOTO3NAME) values (183,'모두의 아두이노 책 팝니다','모두의 아두이노 책  팔아요',10000,160,'db397c49_책 경매1.jpg',700,'icia',3,11,to_date('2023-02-24 14:33:29','YYYY-MM-DD HH24:MI:SS'),1,'syh213',to_date('2023-02-24 14:42:21','YYYY-MM-DD HH24:MI:SS'),'55434149_책 경매2.jpg',null,null);
REM INSERTING into AUCTIONLIKE
SET DEFINE OFF;
Insert into AUCTIONLIKE (ALNUM,ALITEM,ALUSER) values (411,27,'langcheong');
Insert into AUCTIONLIKE (ALNUM,ALITEM,ALUSER) values (412,23,'langcheong');
Insert into AUCTIONLIKE (ALNUM,ALITEM,ALUSER) values (415,68,'qkrtldnjs');
Insert into AUCTIONLIKE (ALNUM,ALITEM,ALUSER) values (417,61,'qkrtldnjs');
Insert into AUCTIONLIKE (ALNUM,ALITEM,ALUSER) values (419,183,'kakao_2636533108');
Insert into AUCTIONLIKE (ALNUM,ALITEM,ALUSER) values (418,183,'qkrtldnjs');
Insert into AUCTIONLIKE (ALNUM,ALITEM,ALUSER) values (420,183,'kwonjin8835');
Insert into AUCTIONLIKE (ALNUM,ALITEM,ALUSER) values (421,184,'qkrtldnjs');
Insert into AUCTIONLIKE (ALNUM,ALITEM,ALUSER) values (409,34,'langcheong');
Insert into AUCTIONLIKE (ALNUM,ALITEM,ALUSER) values (410,40,'langcheong');
REM INSERTING into BOARD
SET DEFINE OFF;
Insert into BOARD (BONUM,BOTITLE,BOCONTENT,BOWRITER,BODATE,BOHIT,BOFILENAME) values (244,'중고 거래 후기','편하게 중고거래 할 수 있어서 좋았네요.
앞으로도 자주 이용할거같아요','qwerty',to_date('2023-02-24 08:51:09','YYYY-MM-DD HH24:MI:SS'),17,null);
Insert into BOARD (BONUM,BOTITLE,BOCONTENT,BOWRITER,BODATE,BOHIT,BOFILENAME) values (243,'안녕하세요','반가워요','syh213',to_date('2023-02-24 08:42:20','YYYY-MM-DD HH24:MI:SS'),12,null);
REM INSERTING into CATEGORY
SET DEFINE OFF;
Insert into CATEGORY (CASEQ,CAMAIN,CASUB) values (100,'남성의류','남성 상의');
Insert into CATEGORY (CASEQ,CAMAIN,CASUB) values (101,'남성의류','남성 하의');
Insert into CATEGORY (CASEQ,CAMAIN,CASUB) values (102,'남성의류','남성 속옷');
Insert into CATEGORY (CASEQ,CAMAIN,CASUB) values (103,'남성의류','남성 기타의류');
Insert into CATEGORY (CASEQ,CAMAIN,CASUB) values (200,'여성의류','여성 상의');
Insert into CATEGORY (CASEQ,CAMAIN,CASUB) values (201,'여성의류','여성 하의');
Insert into CATEGORY (CASEQ,CAMAIN,CASUB) values (202,'여성의류','여성 속옷');
Insert into CATEGORY (CASEQ,CAMAIN,CASUB) values (203,'여성의류','여성 기타의류');
Insert into CATEGORY (CASEQ,CAMAIN,CASUB) values (300,'신발','스니커즈');
Insert into CATEGORY (CASEQ,CAMAIN,CASUB) values (301,'신발','남성화');
Insert into CATEGORY (CASEQ,CAMAIN,CASUB) values (302,'신발','여성화');
Insert into CATEGORY (CASEQ,CAMAIN,CASUB) values (303,'신발','기타 신발');
Insert into CATEGORY (CASEQ,CAMAIN,CASUB) values (400,'액세서리/잡화','시계');
Insert into CATEGORY (CASEQ,CAMAIN,CASUB) values (401,'액세서리/잡화','쥬얼리');
Insert into CATEGORY (CASEQ,CAMAIN,CASUB) values (402,'액세서리/잡화','지갑');
Insert into CATEGORY (CASEQ,CAMAIN,CASUB) values (403,'액세서리/잡화','안경/선글라스');
Insert into CATEGORY (CASEQ,CAMAIN,CASUB) values (404,'액세서리/잡화','기타 액세서리');
Insert into CATEGORY (CASEQ,CAMAIN,CASUB) values (500,'디지털/가전','모바일');
Insert into CATEGORY (CASEQ,CAMAIN,CASUB) values (501,'디지털/가전','가전제품');
Insert into CATEGORY (CASEQ,CAMAIN,CASUB) values (502,'디지털/가전','오디오/영상/관련기기');
Insert into CATEGORY (CASEQ,CAMAIN,CASUB) values (503,'디지털/가전','PC/노트북');
Insert into CATEGORY (CASEQ,CAMAIN,CASUB) values (504,'디지털/가전','게임/타이틀');
Insert into CATEGORY (CASEQ,CAMAIN,CASUB) values (505,'디지털/가전','기타 전자기기');
Insert into CATEGORY (CASEQ,CAMAIN,CASUB) values (600,'스포츠/레저','골프');
Insert into CATEGORY (CASEQ,CAMAIN,CASUB) values (601,'스포츠/레저','캠핑');
Insert into CATEGORY (CASEQ,CAMAIN,CASUB) values (602,'스포츠/레저','낚시');
Insert into CATEGORY (CASEQ,CAMAIN,CASUB) values (603,'스포츠/레저','축구');
Insert into CATEGORY (CASEQ,CAMAIN,CASUB) values (604,'스포츠/레저','자전거');
Insert into CATEGORY (CASEQ,CAMAIN,CASUB) values (605,'스포츠/레저','기타 스포츠/레저 용품');
Insert into CATEGORY (CASEQ,CAMAIN,CASUB) values (700,'도서/티켓/문구','도서');
Insert into CATEGORY (CASEQ,CAMAIN,CASUB) values (701,'도서/티켓/문구','문구');
Insert into CATEGORY (CASEQ,CAMAIN,CASUB) values (702,'도서/티켓/문구','기프티콘/쿠폰');
Insert into CATEGORY (CASEQ,CAMAIN,CASUB) values (703,'도서/티켓/문구','티켓');
Insert into CATEGORY (CASEQ,CAMAIN,CASUB) values (800,'뷰티/미용','스킨케어');
Insert into CATEGORY (CASEQ,CAMAIN,CASUB) values (801,'뷰티/미용','메이크업');
Insert into CATEGORY (CASEQ,CAMAIN,CASUB) values (802,'뷰티/미용','바디/헤어케어');
Insert into CATEGORY (CASEQ,CAMAIN,CASUB) values (803,'뷰티/미용','향수/아로마');
Insert into CATEGORY (CASEQ,CAMAIN,CASUB) values (804,'뷰티/미용','남성화장품');
Insert into CATEGORY (CASEQ,CAMAIN,CASUB) values (805,'뷰티/미용','기타 뷰티/미용 용품');
Insert into CATEGORY (CASEQ,CAMAIN,CASUB) values (900,'생활/가공식품','주방용품');
Insert into CATEGORY (CASEQ,CAMAIN,CASUB) values (901,'생활/가공식품','생활용품');
Insert into CATEGORY (CASEQ,CAMAIN,CASUB) values (902,'생활/가공식품','식품');
Insert into CATEGORY (CASEQ,CAMAIN,CASUB) values (903,'생활/가공식품','산업용품');
Insert into CATEGORY (CASEQ,CAMAIN,CASUB) values (1000,'유아동','베이비의류(0~2세)');
Insert into CATEGORY (CASEQ,CAMAIN,CASUB) values (1001,'유아동','남아의류(3세~)');
Insert into CATEGORY (CASEQ,CAMAIN,CASUB) values (1002,'유아동','여아의류(3세~)');
Insert into CATEGORY (CASEQ,CAMAIN,CASUB) values (1003,'유아동','교육/완구/인형');
Insert into CATEGORY (CASEQ,CAMAIN,CASUB) values (1004,'유아동','이유용품/유아식기');
Insert into CATEGORY (CASEQ,CAMAIN,CASUB) values (1005,'유아동','기타 유아동 용품');
Insert into CATEGORY (CASEQ,CAMAIN,CASUB) values (1104,'반려동물용품','기타 반려동물 용품');
Insert into CATEGORY (CASEQ,CAMAIN,CASUB) values (1100,'반려동물용품','강아지 용품');
Insert into CATEGORY (CASEQ,CAMAIN,CASUB) values (1101,'반려동물용품','강아지 사료/간식');
Insert into CATEGORY (CASEQ,CAMAIN,CASUB) values (1102,'반려동물용품','고양이 용품');
Insert into CATEGORY (CASEQ,CAMAIN,CASUB) values (1103,'반려동물용품','고양이 사료/간식');
REM INSERTING into COMMENTS
SET DEFINE OFF;
Insert into COMMENTS (CONUM,COCONTENT,COWRITER,CODATE,CBNUM) values (385,'안녕하세요. POP MARKET 을 이용해 주셔서 감사합니다.','admin',to_date('2023-02-24 09:02:19','YYYY-MM-DD HH24:MI:SS'),243);
Insert into COMMENTS (CONUM,COCONTENT,COWRITER,CODATE,CBNUM) values (383,'반갑습니다','kakao_2643179987',to_date('2023-02-24 08:42:44','YYYY-MM-DD HH24:MI:SS'),243);
Insert into COMMENTS (CONUM,COCONTENT,COWRITER,CODATE,CBNUM) values (384,'감사합니다','admin',to_date('2023-02-24 09:01:53','YYYY-MM-DD HH24:MI:SS'),244);
Insert into COMMENTS (CONUM,COCONTENT,COWRITER,CODATE,CBNUM) values (386,'감사합니다','icia',to_date('2023-02-24 14:36:36','YYYY-MM-DD HH24:MI:SS'),244);
REM INSERTING into ITEM
SET DEFINE OFF;
Insert into ITEM (ITEMNUM,ITEMNAME,ITEMCONTENT,ITEMPRICE,ITEMREGION,ITEMPHOTONAME,ITEMCATEGORY,ITEMSELLER,ITEMLIKE,ITEMHIT,ITEMDATE,ITEMCHECK,ITEMPHOTO1NAME,ITEMPHOTO2NAME,ITEMPHOTO3NAME,ITEMBUYER) values (107,'남성상의','남성의류남성상의',10000,125,'100.jpg',100,'admin',0,2,to_date('2023-01-18 09:35:11','YYYY-MM-DD HH24:MI:SS'),0,'100.jpg',null,null,null);
Insert into ITEM (ITEMNUM,ITEMNAME,ITEMCONTENT,ITEMPRICE,ITEMREGION,ITEMPHOTONAME,ITEMCATEGORY,ITEMSELLER,ITEMLIKE,ITEMHIT,ITEMDATE,ITEMCHECK,ITEMPHOTO1NAME,ITEMPHOTO2NAME,ITEMPHOTO3NAME,ITEMBUYER) values (108,'남성상의','남성의류남성상의',10000,125,'100.jpg',100,'admin',1,16,to_date('2023-01-18 09:35:34','YYYY-MM-DD HH24:MI:SS'),1,'100.jpg',null,null,'icia');
Insert into ITEM (ITEMNUM,ITEMNAME,ITEMCONTENT,ITEMPRICE,ITEMREGION,ITEMPHOTONAME,ITEMCATEGORY,ITEMSELLER,ITEMLIKE,ITEMHIT,ITEMDATE,ITEMCHECK,ITEMPHOTO1NAME,ITEMPHOTO2NAME,ITEMPHOTO3NAME,ITEMBUYER) values (109,'남성하의','남성의류남성하의',10000,126,'101.jpg',101,'admin',2,134,to_date('2023-01-18 09:35:34','YYYY-MM-DD HH24:MI:SS'),0,'101.jpg',null,null,null);
Insert into ITEM (ITEMNUM,ITEMNAME,ITEMCONTENT,ITEMPRICE,ITEMREGION,ITEMPHOTONAME,ITEMCATEGORY,ITEMSELLER,ITEMLIKE,ITEMHIT,ITEMDATE,ITEMCHECK,ITEMPHOTO1NAME,ITEMPHOTO2NAME,ITEMPHOTO3NAME,ITEMBUYER) values (110,'남성속옷','남성의류남성속옷',10000,127,'102.jpg',102,'admin',2,87,to_date('2023-01-18 09:35:34','YYYY-MM-DD HH24:MI:SS'),1,'102.jpg',null,null,'qkrtldnjs');
Insert into ITEM (ITEMNUM,ITEMNAME,ITEMCONTENT,ITEMPRICE,ITEMREGION,ITEMPHOTONAME,ITEMCATEGORY,ITEMSELLER,ITEMLIKE,ITEMHIT,ITEMDATE,ITEMCHECK,ITEMPHOTO1NAME,ITEMPHOTO2NAME,ITEMPHOTO3NAME,ITEMBUYER) values (111,'남성 기타의류','남성의류남성 기타의류',10000,128,'103.jpg',103,'admin',1,11,to_date('2023-01-18 09:35:34','YYYY-MM-DD HH24:MI:SS'),0,'103.jpg',null,null,null);
Insert into ITEM (ITEMNUM,ITEMNAME,ITEMCONTENT,ITEMPRICE,ITEMREGION,ITEMPHOTONAME,ITEMCATEGORY,ITEMSELLER,ITEMLIKE,ITEMHIT,ITEMDATE,ITEMCHECK,ITEMPHOTO1NAME,ITEMPHOTO2NAME,ITEMPHOTO3NAME,ITEMBUYER) values (112,'여성 상의','여성의류여성 상의',10000,129,'200.jpg',200,'admin',1,9,to_date('2023-01-18 09:35:34','YYYY-MM-DD HH24:MI:SS'),0,'200.jpg',null,null,null);
Insert into ITEM (ITEMNUM,ITEMNAME,ITEMCONTENT,ITEMPRICE,ITEMREGION,ITEMPHOTONAME,ITEMCATEGORY,ITEMSELLER,ITEMLIKE,ITEMHIT,ITEMDATE,ITEMCHECK,ITEMPHOTO1NAME,ITEMPHOTO2NAME,ITEMPHOTO3NAME,ITEMBUYER) values (113,'여성 하의','여성의류여성 하의',10000,130,'201.jpg',201,'admin',1,11,to_date('2023-01-18 09:35:34','YYYY-MM-DD HH24:MI:SS'),0,'201.jpg',null,null,null);
Insert into ITEM (ITEMNUM,ITEMNAME,ITEMCONTENT,ITEMPRICE,ITEMREGION,ITEMPHOTONAME,ITEMCATEGORY,ITEMSELLER,ITEMLIKE,ITEMHIT,ITEMDATE,ITEMCHECK,ITEMPHOTO1NAME,ITEMPHOTO2NAME,ITEMPHOTO3NAME,ITEMBUYER) values (114,'여성 속옷','여성의류여성 속옷',10000,131,'202.jpg',202,'admin',1,7,to_date('2023-01-18 09:35:34','YYYY-MM-DD HH24:MI:SS'),2,'202.jpg',null,null,'qkrtldnjs');
Insert into ITEM (ITEMNUM,ITEMNAME,ITEMCONTENT,ITEMPRICE,ITEMREGION,ITEMPHOTONAME,ITEMCATEGORY,ITEMSELLER,ITEMLIKE,ITEMHIT,ITEMDATE,ITEMCHECK,ITEMPHOTO1NAME,ITEMPHOTO2NAME,ITEMPHOTO3NAME,ITEMBUYER) values (115,'여성 기타의류','여성의류여성 기타의류',10000,132,'203.jpg',203,'admin',2,5,to_date('2023-01-18 09:35:34','YYYY-MM-DD HH24:MI:SS'),0,'203.jpg',null,null,null);
Insert into ITEM (ITEMNUM,ITEMNAME,ITEMCONTENT,ITEMPRICE,ITEMREGION,ITEMPHOTONAME,ITEMCATEGORY,ITEMSELLER,ITEMLIKE,ITEMHIT,ITEMDATE,ITEMCHECK,ITEMPHOTO1NAME,ITEMPHOTO2NAME,ITEMPHOTO3NAME,ITEMBUYER) values (116,'스니커즈','신발스니커즈',10000,133,'300.jpg',300,'admin',1,4,to_date('2023-01-18 09:35:34','YYYY-MM-DD HH24:MI:SS'),0,'300.jpg',null,null,null);
Insert into ITEM (ITEMNUM,ITEMNAME,ITEMCONTENT,ITEMPRICE,ITEMREGION,ITEMPHOTONAME,ITEMCATEGORY,ITEMSELLER,ITEMLIKE,ITEMHIT,ITEMDATE,ITEMCHECK,ITEMPHOTO1NAME,ITEMPHOTO2NAME,ITEMPHOTO3NAME,ITEMBUYER) values (117,'남성화','신발남성화',10000,134,'301.jpg',301,'admin',2,3,to_date('2023-01-18 09:35:34','YYYY-MM-DD HH24:MI:SS'),0,'301.jpg',null,null,null);
Insert into ITEM (ITEMNUM,ITEMNAME,ITEMCONTENT,ITEMPRICE,ITEMREGION,ITEMPHOTONAME,ITEMCATEGORY,ITEMSELLER,ITEMLIKE,ITEMHIT,ITEMDATE,ITEMCHECK,ITEMPHOTO1NAME,ITEMPHOTO2NAME,ITEMPHOTO3NAME,ITEMBUYER) values (118,'여성화','신발여성화',10000,135,'302.jpg',302,'admin',0,0,to_date('2023-01-18 09:35:34','YYYY-MM-DD HH24:MI:SS'),0,'302.jpg',null,null,null);
Insert into ITEM (ITEMNUM,ITEMNAME,ITEMCONTENT,ITEMPRICE,ITEMREGION,ITEMPHOTONAME,ITEMCATEGORY,ITEMSELLER,ITEMLIKE,ITEMHIT,ITEMDATE,ITEMCHECK,ITEMPHOTO1NAME,ITEMPHOTO2NAME,ITEMPHOTO3NAME,ITEMBUYER) values (119,'기타 신발','신발기타 신발',10000,136,'303.jpg',303,'admin',0,1,to_date('2023-01-18 09:35:34','YYYY-MM-DD HH24:MI:SS'),0,'303.jpg',null,null,null);
Insert into ITEM (ITEMNUM,ITEMNAME,ITEMCONTENT,ITEMPRICE,ITEMREGION,ITEMPHOTONAME,ITEMCATEGORY,ITEMSELLER,ITEMLIKE,ITEMHIT,ITEMDATE,ITEMCHECK,ITEMPHOTO1NAME,ITEMPHOTO2NAME,ITEMPHOTO3NAME,ITEMBUYER) values (120,'시계','액세서리/잡화시계',10000,137,'400.jpg',400,'admin',1,3,to_date('2023-01-18 09:35:34','YYYY-MM-DD HH24:MI:SS'),0,'400.jpg',null,null,null);
Insert into ITEM (ITEMNUM,ITEMNAME,ITEMCONTENT,ITEMPRICE,ITEMREGION,ITEMPHOTONAME,ITEMCATEGORY,ITEMSELLER,ITEMLIKE,ITEMHIT,ITEMDATE,ITEMCHECK,ITEMPHOTO1NAME,ITEMPHOTO2NAME,ITEMPHOTO3NAME,ITEMBUYER) values (121,'쥬얼리','액세서리/잡화쥬얼리',10000,138,'401.jpg',401,'admin',0,3,to_date('2023-01-18 09:35:34','YYYY-MM-DD HH24:MI:SS'),0,'401.jpg',null,null,null);
Insert into ITEM (ITEMNUM,ITEMNAME,ITEMCONTENT,ITEMPRICE,ITEMREGION,ITEMPHOTONAME,ITEMCATEGORY,ITEMSELLER,ITEMLIKE,ITEMHIT,ITEMDATE,ITEMCHECK,ITEMPHOTO1NAME,ITEMPHOTO2NAME,ITEMPHOTO3NAME,ITEMBUYER) values (122,'지갑','액세서리/잡화지갑',10000,139,'402.jpg',402,'admin',0,3,to_date('2023-01-18 09:35:34','YYYY-MM-DD HH24:MI:SS'),0,'402.jpg',null,null,null);
Insert into ITEM (ITEMNUM,ITEMNAME,ITEMCONTENT,ITEMPRICE,ITEMREGION,ITEMPHOTONAME,ITEMCATEGORY,ITEMSELLER,ITEMLIKE,ITEMHIT,ITEMDATE,ITEMCHECK,ITEMPHOTO1NAME,ITEMPHOTO2NAME,ITEMPHOTO3NAME,ITEMBUYER) values (123,'안경/선글라스','액세서리/잡화안경/선글라스',10000,140,'403.jpg',403,'admin',0,2,to_date('2023-01-18 09:35:34','YYYY-MM-DD HH24:MI:SS'),0,'403.jpg',null,null,null);
Insert into ITEM (ITEMNUM,ITEMNAME,ITEMCONTENT,ITEMPRICE,ITEMREGION,ITEMPHOTONAME,ITEMCATEGORY,ITEMSELLER,ITEMLIKE,ITEMHIT,ITEMDATE,ITEMCHECK,ITEMPHOTO1NAME,ITEMPHOTO2NAME,ITEMPHOTO3NAME,ITEMBUYER) values (124,'기타 액세서리','액세서리/잡화기타 액세서리',10000,141,'404.jpg',404,'admin',1,0,to_date('2023-01-18 09:35:34','YYYY-MM-DD HH24:MI:SS'),0,'404.jpg',null,null,null);
Insert into ITEM (ITEMNUM,ITEMNAME,ITEMCONTENT,ITEMPRICE,ITEMREGION,ITEMPHOTONAME,ITEMCATEGORY,ITEMSELLER,ITEMLIKE,ITEMHIT,ITEMDATE,ITEMCHECK,ITEMPHOTO1NAME,ITEMPHOTO2NAME,ITEMPHOTO3NAME,ITEMBUYER) values (125,'모바일','디지털/가전모바일',10000,142,'500.jpg',500,'admin',1,0,to_date('2023-01-18 09:35:34','YYYY-MM-DD HH24:MI:SS'),0,'500.jpg',null,null,null);
Insert into ITEM (ITEMNUM,ITEMNAME,ITEMCONTENT,ITEMPRICE,ITEMREGION,ITEMPHOTONAME,ITEMCATEGORY,ITEMSELLER,ITEMLIKE,ITEMHIT,ITEMDATE,ITEMCHECK,ITEMPHOTO1NAME,ITEMPHOTO2NAME,ITEMPHOTO3NAME,ITEMBUYER) values (126,'가전제품','디지털/가전가전제품',10000,143,'501.jpg',501,'admin',0,0,to_date('2023-01-18 09:35:34','YYYY-MM-DD HH24:MI:SS'),0,'501.jpg',null,null,null);
Insert into ITEM (ITEMNUM,ITEMNAME,ITEMCONTENT,ITEMPRICE,ITEMREGION,ITEMPHOTONAME,ITEMCATEGORY,ITEMSELLER,ITEMLIKE,ITEMHIT,ITEMDATE,ITEMCHECK,ITEMPHOTO1NAME,ITEMPHOTO2NAME,ITEMPHOTO3NAME,ITEMBUYER) values (127,'오디오/영상/관련기기','디지털/가전오디오/영상/관련기기',10000,144,'502.jpg',502,'admin',0,0,to_date('2023-01-18 09:35:34','YYYY-MM-DD HH24:MI:SS'),0,'502.jpg',null,null,null);
Insert into ITEM (ITEMNUM,ITEMNAME,ITEMCONTENT,ITEMPRICE,ITEMREGION,ITEMPHOTONAME,ITEMCATEGORY,ITEMSELLER,ITEMLIKE,ITEMHIT,ITEMDATE,ITEMCHECK,ITEMPHOTO1NAME,ITEMPHOTO2NAME,ITEMPHOTO3NAME,ITEMBUYER) values (128,'PC/노트북','디지털/가전PC/노트북',10000,145,'503.jpg',503,'admin',0,0,to_date('2023-01-18 09:35:34','YYYY-MM-DD HH24:MI:SS'),0,'503.jpg',null,null,null);
Insert into ITEM (ITEMNUM,ITEMNAME,ITEMCONTENT,ITEMPRICE,ITEMREGION,ITEMPHOTONAME,ITEMCATEGORY,ITEMSELLER,ITEMLIKE,ITEMHIT,ITEMDATE,ITEMCHECK,ITEMPHOTO1NAME,ITEMPHOTO2NAME,ITEMPHOTO3NAME,ITEMBUYER) values (129,'게임/타이틀','디지털/가전게임/타이틀',10000,146,'504.jpg',504,'admin',0,0,to_date('2023-01-18 09:35:34','YYYY-MM-DD HH24:MI:SS'),0,'504.jpg',null,null,null);
Insert into ITEM (ITEMNUM,ITEMNAME,ITEMCONTENT,ITEMPRICE,ITEMREGION,ITEMPHOTONAME,ITEMCATEGORY,ITEMSELLER,ITEMLIKE,ITEMHIT,ITEMDATE,ITEMCHECK,ITEMPHOTO1NAME,ITEMPHOTO2NAME,ITEMPHOTO3NAME,ITEMBUYER) values (130,'기타 전자기기','디지털/가전기타 전자기기',10000,147,'505.jpg',505,'admin',0,0,to_date('2023-01-18 09:35:34','YYYY-MM-DD HH24:MI:SS'),0,'505.jpg',null,null,null);
Insert into ITEM (ITEMNUM,ITEMNAME,ITEMCONTENT,ITEMPRICE,ITEMREGION,ITEMPHOTONAME,ITEMCATEGORY,ITEMSELLER,ITEMLIKE,ITEMHIT,ITEMDATE,ITEMCHECK,ITEMPHOTO1NAME,ITEMPHOTO2NAME,ITEMPHOTO3NAME,ITEMBUYER) values (131,'골프','스포츠/레저골프',10000,148,'600.jpg',600,'admin',0,0,to_date('2023-01-18 09:35:34','YYYY-MM-DD HH24:MI:SS'),0,'600.jpg',null,null,null);
Insert into ITEM (ITEMNUM,ITEMNAME,ITEMCONTENT,ITEMPRICE,ITEMREGION,ITEMPHOTONAME,ITEMCATEGORY,ITEMSELLER,ITEMLIKE,ITEMHIT,ITEMDATE,ITEMCHECK,ITEMPHOTO1NAME,ITEMPHOTO2NAME,ITEMPHOTO3NAME,ITEMBUYER) values (132,'캠핑','스포츠/레저캠핑',10000,149,'601.jpg',601,'admin',0,1,to_date('2023-01-18 09:35:34','YYYY-MM-DD HH24:MI:SS'),2,'601.jpg',null,null,'syh213');
Insert into ITEM (ITEMNUM,ITEMNAME,ITEMCONTENT,ITEMPRICE,ITEMREGION,ITEMPHOTONAME,ITEMCATEGORY,ITEMSELLER,ITEMLIKE,ITEMHIT,ITEMDATE,ITEMCHECK,ITEMPHOTO1NAME,ITEMPHOTO2NAME,ITEMPHOTO3NAME,ITEMBUYER) values (133,'낚시','스포츠/레저낚시',10000,150,'602.jpg',602,'admin',0,0,to_date('2023-01-18 09:35:34','YYYY-MM-DD HH24:MI:SS'),0,'602.jpg',null,null,null);
Insert into ITEM (ITEMNUM,ITEMNAME,ITEMCONTENT,ITEMPRICE,ITEMREGION,ITEMPHOTONAME,ITEMCATEGORY,ITEMSELLER,ITEMLIKE,ITEMHIT,ITEMDATE,ITEMCHECK,ITEMPHOTO1NAME,ITEMPHOTO2NAME,ITEMPHOTO3NAME,ITEMBUYER) values (134,'축구','스포츠/레저축구',10000,156,'603.jpg',603,'admin',0,1,to_date('2023-01-18 09:35:34','YYYY-MM-DD HH24:MI:SS'),0,'603.jpg',null,null,null);
Insert into ITEM (ITEMNUM,ITEMNAME,ITEMCONTENT,ITEMPRICE,ITEMREGION,ITEMPHOTONAME,ITEMCATEGORY,ITEMSELLER,ITEMLIKE,ITEMHIT,ITEMDATE,ITEMCHECK,ITEMPHOTO1NAME,ITEMPHOTO2NAME,ITEMPHOTO3NAME,ITEMBUYER) values (135,'자전거','스포츠/레저자전거',10000,157,'604.jpg',604,'admin',0,1,to_date('2023-01-18 09:35:34','YYYY-MM-DD HH24:MI:SS'),0,'604.jpg',null,null,null);
Insert into ITEM (ITEMNUM,ITEMNAME,ITEMCONTENT,ITEMPRICE,ITEMREGION,ITEMPHOTONAME,ITEMCATEGORY,ITEMSELLER,ITEMLIKE,ITEMHIT,ITEMDATE,ITEMCHECK,ITEMPHOTO1NAME,ITEMPHOTO2NAME,ITEMPHOTO3NAME,ITEMBUYER) values (136,'기타 스포츠/레저 용품','스포츠/레저기타 스포츠/레저 용품',10000,158,'605.jpg',605,'admin',0,0,to_date('2023-01-18 09:35:34','YYYY-MM-DD HH24:MI:SS'),0,'605.jpg',null,null,null);
Insert into ITEM (ITEMNUM,ITEMNAME,ITEMCONTENT,ITEMPRICE,ITEMREGION,ITEMPHOTONAME,ITEMCATEGORY,ITEMSELLER,ITEMLIKE,ITEMHIT,ITEMDATE,ITEMCHECK,ITEMPHOTO1NAME,ITEMPHOTO2NAME,ITEMPHOTO3NAME,ITEMBUYER) values (137,'도서','도서/티켓/문구도서',10000,159,'700.jpg',700,'admin',0,0,to_date('2023-01-18 09:35:34','YYYY-MM-DD HH24:MI:SS'),0,'700.jpg',null,null,null);
Insert into ITEM (ITEMNUM,ITEMNAME,ITEMCONTENT,ITEMPRICE,ITEMREGION,ITEMPHOTONAME,ITEMCATEGORY,ITEMSELLER,ITEMLIKE,ITEMHIT,ITEMDATE,ITEMCHECK,ITEMPHOTO1NAME,ITEMPHOTO2NAME,ITEMPHOTO3NAME,ITEMBUYER) values (138,'문구','도서/티켓/문구문구',10000,160,'701.jpg',701,'admin',0,2,to_date('2023-01-18 09:35:34','YYYY-MM-DD HH24:MI:SS'),0,'701.jpg',null,null,null);
Insert into ITEM (ITEMNUM,ITEMNAME,ITEMCONTENT,ITEMPRICE,ITEMREGION,ITEMPHOTONAME,ITEMCATEGORY,ITEMSELLER,ITEMLIKE,ITEMHIT,ITEMDATE,ITEMCHECK,ITEMPHOTO1NAME,ITEMPHOTO2NAME,ITEMPHOTO3NAME,ITEMBUYER) values (139,'기프티콘/쿠폰','도서/티켓/문구기프티콘/쿠폰',10000,161,'702.jpg',702,'admin',0,0,to_date('2023-01-18 09:35:34','YYYY-MM-DD HH24:MI:SS'),0,'702.jpg',null,null,null);
Insert into ITEM (ITEMNUM,ITEMNAME,ITEMCONTENT,ITEMPRICE,ITEMREGION,ITEMPHOTONAME,ITEMCATEGORY,ITEMSELLER,ITEMLIKE,ITEMHIT,ITEMDATE,ITEMCHECK,ITEMPHOTO1NAME,ITEMPHOTO2NAME,ITEMPHOTO3NAME,ITEMBUYER) values (140,'티켓','도서/티켓/문구티켓',10000,162,'703.jpg',703,'admin',0,0,to_date('2023-01-18 09:35:34','YYYY-MM-DD HH24:MI:SS'),0,'703.jpg',null,null,null);
Insert into ITEM (ITEMNUM,ITEMNAME,ITEMCONTENT,ITEMPRICE,ITEMREGION,ITEMPHOTONAME,ITEMCATEGORY,ITEMSELLER,ITEMLIKE,ITEMHIT,ITEMDATE,ITEMCHECK,ITEMPHOTO1NAME,ITEMPHOTO2NAME,ITEMPHOTO3NAME,ITEMBUYER) values (141,'스킨케어','뷰티/미용스킨케어',10000,163,'800.jpg',800,'admin',0,0,to_date('2023-01-18 09:35:34','YYYY-MM-DD HH24:MI:SS'),0,'800.jpg',null,null,null);
Insert into ITEM (ITEMNUM,ITEMNAME,ITEMCONTENT,ITEMPRICE,ITEMREGION,ITEMPHOTONAME,ITEMCATEGORY,ITEMSELLER,ITEMLIKE,ITEMHIT,ITEMDATE,ITEMCHECK,ITEMPHOTO1NAME,ITEMPHOTO2NAME,ITEMPHOTO3NAME,ITEMBUYER) values (142,'메이크업','뷰티/미용메이크업',10000,164,'801.jpg',801,'admin',0,1,to_date('2023-01-18 09:35:34','YYYY-MM-DD HH24:MI:SS'),0,'801.jpg',null,null,null);
Insert into ITEM (ITEMNUM,ITEMNAME,ITEMCONTENT,ITEMPRICE,ITEMREGION,ITEMPHOTONAME,ITEMCATEGORY,ITEMSELLER,ITEMLIKE,ITEMHIT,ITEMDATE,ITEMCHECK,ITEMPHOTO1NAME,ITEMPHOTO2NAME,ITEMPHOTO3NAME,ITEMBUYER) values (143,'바디/헤어케어','뷰티/미용바디/헤어케어',10000,165,'802.jpg',802,'admin',0,0,to_date('2023-01-18 09:35:34','YYYY-MM-DD HH24:MI:SS'),0,'802.jpg',null,null,null);
Insert into ITEM (ITEMNUM,ITEMNAME,ITEMCONTENT,ITEMPRICE,ITEMREGION,ITEMPHOTONAME,ITEMCATEGORY,ITEMSELLER,ITEMLIKE,ITEMHIT,ITEMDATE,ITEMCHECK,ITEMPHOTO1NAME,ITEMPHOTO2NAME,ITEMPHOTO3NAME,ITEMBUYER) values (144,'향수/아로마','뷰티/미용향수/아로마',10000,20,'803.jpg',803,'admin',0,1,to_date('2023-01-18 09:35:34','YYYY-MM-DD HH24:MI:SS'),0,'803.jpg',null,null,null);
Insert into ITEM (ITEMNUM,ITEMNAME,ITEMCONTENT,ITEMPRICE,ITEMREGION,ITEMPHOTONAME,ITEMCATEGORY,ITEMSELLER,ITEMLIKE,ITEMHIT,ITEMDATE,ITEMCHECK,ITEMPHOTO1NAME,ITEMPHOTO2NAME,ITEMPHOTO3NAME,ITEMBUYER) values (145,'남성화장품','뷰티/미용남성화장품',10000,21,'804.jpg',804,'admin',0,0,to_date('2023-01-18 09:35:34','YYYY-MM-DD HH24:MI:SS'),0,'804.jpg',null,null,null);
Insert into ITEM (ITEMNUM,ITEMNAME,ITEMCONTENT,ITEMPRICE,ITEMREGION,ITEMPHOTONAME,ITEMCATEGORY,ITEMSELLER,ITEMLIKE,ITEMHIT,ITEMDATE,ITEMCHECK,ITEMPHOTO1NAME,ITEMPHOTO2NAME,ITEMPHOTO3NAME,ITEMBUYER) values (146,'기타 뷰티/미용 용품','뷰티/미용기타 뷰티/미용 용품',10000,22,'805.jpg',805,'admin',0,0,to_date('2023-01-18 09:35:34','YYYY-MM-DD HH24:MI:SS'),0,'805.jpg',null,null,null);
Insert into ITEM (ITEMNUM,ITEMNAME,ITEMCONTENT,ITEMPRICE,ITEMREGION,ITEMPHOTONAME,ITEMCATEGORY,ITEMSELLER,ITEMLIKE,ITEMHIT,ITEMDATE,ITEMCHECK,ITEMPHOTO1NAME,ITEMPHOTO2NAME,ITEMPHOTO3NAME,ITEMBUYER) values (147,'주방용품','생활/가공식품주방용품',10000,23,'900.jpg',900,'admin',0,0,to_date('2023-01-18 09:35:34','YYYY-MM-DD HH24:MI:SS'),0,'900.jpg',null,null,null);
Insert into ITEM (ITEMNUM,ITEMNAME,ITEMCONTENT,ITEMPRICE,ITEMREGION,ITEMPHOTONAME,ITEMCATEGORY,ITEMSELLER,ITEMLIKE,ITEMHIT,ITEMDATE,ITEMCHECK,ITEMPHOTO1NAME,ITEMPHOTO2NAME,ITEMPHOTO3NAME,ITEMBUYER) values (148,'생활용품','생활/가공식품생활용품',10000,24,'901.jpg',901,'admin',0,0,to_date('2023-01-18 09:35:34','YYYY-MM-DD HH24:MI:SS'),0,'901.jpg',null,null,null);
Insert into ITEM (ITEMNUM,ITEMNAME,ITEMCONTENT,ITEMPRICE,ITEMREGION,ITEMPHOTONAME,ITEMCATEGORY,ITEMSELLER,ITEMLIKE,ITEMHIT,ITEMDATE,ITEMCHECK,ITEMPHOTO1NAME,ITEMPHOTO2NAME,ITEMPHOTO3NAME,ITEMBUYER) values (149,'식품','생활/가공식품식품',10000,25,'902.jpg',902,'admin',0,1,to_date('2023-01-18 09:35:34','YYYY-MM-DD HH24:MI:SS'),0,'902.jpg',null,null,null);
Insert into ITEM (ITEMNUM,ITEMNAME,ITEMCONTENT,ITEMPRICE,ITEMREGION,ITEMPHOTONAME,ITEMCATEGORY,ITEMSELLER,ITEMLIKE,ITEMHIT,ITEMDATE,ITEMCHECK,ITEMPHOTO1NAME,ITEMPHOTO2NAME,ITEMPHOTO3NAME,ITEMBUYER) values (150,'산업용품','생활/가공식품산업용품',10000,26,'903.jpg',903,'admin',0,0,to_date('2023-01-18 09:35:34','YYYY-MM-DD HH24:MI:SS'),0,'903.jpg',null,null,null);
Insert into ITEM (ITEMNUM,ITEMNAME,ITEMCONTENT,ITEMPRICE,ITEMREGION,ITEMPHOTONAME,ITEMCATEGORY,ITEMSELLER,ITEMLIKE,ITEMHIT,ITEMDATE,ITEMCHECK,ITEMPHOTO1NAME,ITEMPHOTO2NAME,ITEMPHOTO3NAME,ITEMBUYER) values (151,'베이비의류(0~2세)','유아동베이비의류(0~2세)',10000,27,'1000.jpg',1000,'admin',0,1,to_date('2023-01-18 09:35:34','YYYY-MM-DD HH24:MI:SS'),0,'1000.jpg',null,null,null);
Insert into ITEM (ITEMNUM,ITEMNAME,ITEMCONTENT,ITEMPRICE,ITEMREGION,ITEMPHOTONAME,ITEMCATEGORY,ITEMSELLER,ITEMLIKE,ITEMHIT,ITEMDATE,ITEMCHECK,ITEMPHOTO1NAME,ITEMPHOTO2NAME,ITEMPHOTO3NAME,ITEMBUYER) values (152,'남아의류(3세~)','유아동남아의류(3세~)',10000,28,'1001.jpg',1001,'admin',0,0,to_date('2023-01-18 09:35:34','YYYY-MM-DD HH24:MI:SS'),0,'1001.jpg',null,null,null);
Insert into ITEM (ITEMNUM,ITEMNAME,ITEMCONTENT,ITEMPRICE,ITEMREGION,ITEMPHOTONAME,ITEMCATEGORY,ITEMSELLER,ITEMLIKE,ITEMHIT,ITEMDATE,ITEMCHECK,ITEMPHOTO1NAME,ITEMPHOTO2NAME,ITEMPHOTO3NAME,ITEMBUYER) values (153,'여아의류(3세~)','유아동여아의류(3세~)',10000,29,'1002.jpg',1002,'admin',0,2,to_date('2023-01-18 09:35:34','YYYY-MM-DD HH24:MI:SS'),0,'1002.jpg',null,null,null);
Insert into ITEM (ITEMNUM,ITEMNAME,ITEMCONTENT,ITEMPRICE,ITEMREGION,ITEMPHOTONAME,ITEMCATEGORY,ITEMSELLER,ITEMLIKE,ITEMHIT,ITEMDATE,ITEMCHECK,ITEMPHOTO1NAME,ITEMPHOTO2NAME,ITEMPHOTO3NAME,ITEMBUYER) values (154,'교육/완구/인형','유아동교육/완구/인형',10000,30,'1003.jpg',1003,'admin',0,0,to_date('2023-01-18 09:35:34','YYYY-MM-DD HH24:MI:SS'),0,'1003.jpg',null,null,null);
Insert into ITEM (ITEMNUM,ITEMNAME,ITEMCONTENT,ITEMPRICE,ITEMREGION,ITEMPHOTONAME,ITEMCATEGORY,ITEMSELLER,ITEMLIKE,ITEMHIT,ITEMDATE,ITEMCHECK,ITEMPHOTO1NAME,ITEMPHOTO2NAME,ITEMPHOTO3NAME,ITEMBUYER) values (155,'이유용품/유아식기','유아동이유용품/유아식기',10000,31,'1004.jpg',1004,'admin',0,1,to_date('2023-01-18 09:35:34','YYYY-MM-DD HH24:MI:SS'),0,'1004.jpg',null,null,null);
Insert into ITEM (ITEMNUM,ITEMNAME,ITEMCONTENT,ITEMPRICE,ITEMREGION,ITEMPHOTONAME,ITEMCATEGORY,ITEMSELLER,ITEMLIKE,ITEMHIT,ITEMDATE,ITEMCHECK,ITEMPHOTO1NAME,ITEMPHOTO2NAME,ITEMPHOTO3NAME,ITEMBUYER) values (156,'기타 유아동 용품','유아동기타 유아동 용품',10000,32,'1005.jpg',1005,'admin',2,7,to_date('2023-01-18 09:35:34','YYYY-MM-DD HH24:MI:SS'),0,'1005.jpg',null,null,null);
Insert into ITEM (ITEMNUM,ITEMNAME,ITEMCONTENT,ITEMPRICE,ITEMREGION,ITEMPHOTONAME,ITEMCATEGORY,ITEMSELLER,ITEMLIKE,ITEMHIT,ITEMDATE,ITEMCHECK,ITEMPHOTO1NAME,ITEMPHOTO2NAME,ITEMPHOTO3NAME,ITEMBUYER) values (308,'혼자 공부하는 자바스크립트(혼공자) 팝니다','혼자 공부하는 자바스크립트(혼공자) 팔아요',12000,160,'972020f6_책 거래1.jpg',700,'icia',1,8,to_date('2023-02-24 14:28:52','YYYY-MM-DD HH24:MI:SS'),2,'cf8b5f98_책 거래2.jpg',null,null,'qkrtldnjs');
REM INSERTING into ITEMCOMMENTS
SET DEFINE OFF;
Insert into ITEMCOMMENTS (ICNUM,ICITEMNUM,ICWRITER,ICDATE,ICCONTENT) values (308,308,'icia',to_date('2023-02-24 14:29:54','YYYY-MM-DD HH24:MI:SS'),'굿');
REM INSERTING into ITEMLIKE
SET DEFINE OFF;
Insert into ITEMLIKE (ILNUM,ILITEM,ILUSER) values (919,109,'langcheong');
Insert into ITEMLIKE (ILNUM,ILITEM,ILUSER) values (920,110,'langcheong');
Insert into ITEMLIKE (ILNUM,ILITEM,ILUSER) values (923,308,'icia');
Insert into ITEMLIKE (ILNUM,ILITEM,ILUSER) values (925,109,'admin');
Insert into ITEMLIKE (ILNUM,ILITEM,ILUSER) values (924,110,'qkrtldnjs');
Insert into ITEMLIKE (ILNUM,ILITEM,ILUSER) values (926,113,'admin');
Insert into ITEMLIKE (ILNUM,ILITEM,ILUSER) values (927,115,'admin');
Insert into ITEMLIKE (ILNUM,ILITEM,ILUSER) values (917,108,'langcheong');
Insert into ITEMLIKE (ILNUM,ILITEM,ILUSER) values (928,117,'admin');
Insert into ITEMLIKE (ILNUM,ILITEM,ILUSER) values (918,156,'langcheong');
REM INSERTING into NOTE
SET DEFINE OFF;
Insert into NOTE (NOTESEQ,NOTESENDER,NOTERECEIVER,NOTETITLE,NOTECONTENT,NOTEDATE,NOTECHECK,NOTEDELCHECK) values (1285,'admin','icia','중고품 판매 완료','308 번 상품
물품명 :  혼자 공부하는 자바스크립트(혼공자) 팝니다
구매자 : qkrtldnjs   판매 금액 :  12000 원 .',to_date('2023-02-24 14:30:02','YYYY-MM-DD HH24:MI:SS'),1,0);
Insert into NOTE (NOTESEQ,NOTESENDER,NOTERECEIVER,NOTETITLE,NOTECONTENT,NOTEDATE,NOTECHECK,NOTEDELCHECK) values (1286,'admin','icia','중고품 수취 확인','308 번 상품
물품명 : 
구매자 : qkrtldnjs   판매 금액 :  12000 원 이 입금되었습니다.',to_date('2023-02-24 14:30:11','YYYY-MM-DD HH24:MI:SS'),1,0);
Insert into NOTE (NOTESEQ,NOTESENDER,NOTERECEIVER,NOTETITLE,NOTECONTENT,NOTEDATE,NOTECHECK,NOTEDELCHECK) values (1287,'admin','admin','중고품 판매 완료','114 번 상품
물품명 :  여성 속옷
구매자 : qkrtldnjs   판매 금액 :  10000 원 .',to_date('2023-02-24 14:30:50','YYYY-MM-DD HH24:MI:SS'),1,0);
Insert into NOTE (NOTESEQ,NOTESENDER,NOTERECEIVER,NOTETITLE,NOTECONTENT,NOTEDATE,NOTECHECK,NOTEDELCHECK) values (1288,'qkrtldnjs','admin','잘만들었네요','ㅎㅇ',to_date('2023-02-24 14:31:08','YYYY-MM-DD HH24:MI:SS'),1,0);
Insert into NOTE (NOTESEQ,NOTESENDER,NOTERECEIVER,NOTETITLE,NOTECONTENT,NOTEDATE,NOTECHECK,NOTEDELCHECK) values (1289,'admin','admin','중고품 판매 완료','108 번 상품
물품명 :  남성상의
구매자 : icia   판매 금액 :  10000 원 .',to_date('2023-02-24 14:31:25','YYYY-MM-DD HH24:MI:SS'),1,0);
Insert into NOTE (NOTESEQ,NOTESENDER,NOTERECEIVER,NOTETITLE,NOTECONTENT,NOTEDATE,NOTECHECK,NOTEDELCHECK) values (1290,'admin','admin','중고품 판매 완료','110 번 상품
물품명 :  남성속옷
구매자 : qkrtldnjs   판매 금액 :  10000 원 .',to_date('2023-02-24 14:31:45','YYYY-MM-DD HH24:MI:SS'),0,0);
Insert into NOTE (NOTESEQ,NOTESENDER,NOTERECEIVER,NOTETITLE,NOTECONTENT,NOTEDATE,NOTECHECK,NOTEDELCHECK) values (1291,'admin','syh213','입찰금 반환','183 번 상품
물품명 :  모두의 아두이노 책 팝니다
다른분의 입찰로 입찰금  9000 원 반환되었습니다.',to_date('2023-02-24 14:36:37','YYYY-MM-DD HH24:MI:SS'),1,0);
Insert into NOTE (NOTESEQ,NOTESENDER,NOTERECEIVER,NOTETITLE,NOTECONTENT,NOTEDATE,NOTECHECK,NOTEDELCHECK) values (1283,'admin','admin','중고품 판매 완료','132 번 상품
물품명 :  캠핑
구매자 : syh213   판매 금액 :  10000 원 .',to_date('2023-02-24 08:46:50','YYYY-MM-DD HH24:MI:SS'),1,0);
Insert into NOTE (NOTESEQ,NOTESENDER,NOTERECEIVER,NOTETITLE,NOTECONTENT,NOTEDATE,NOTECHECK,NOTEDELCHECK) values (1284,'admin','admin','중고품 수취 확인','132 번 상품
물품명 : 캠핑
구매자 : syh213   판매 금액 :  10000 원 이 입금되었습니다.',to_date('2023-02-24 08:47:01','YYYY-MM-DD HH24:MI:SS'),1,0);
Insert into NOTE (NOTESEQ,NOTESENDER,NOTERECEIVER,NOTETITLE,NOTECONTENT,NOTEDATE,NOTECHECK,NOTEDELCHECK) values (1292,'admin','kwonjin8835','입찰금 반환','183 번 상품
물품명 :  모두의 아두이노 책 팝니다
다른분의 입찰로 입찰금  9500 원 반환되었습니다.',to_date('2023-02-24 14:37:21','YYYY-MM-DD HH24:MI:SS'),0,1);
Insert into NOTE (NOTESEQ,NOTESENDER,NOTERECEIVER,NOTETITLE,NOTECONTENT,NOTEDATE,NOTECHECK,NOTEDELCHECK) values (1293,'admin','qkrtldnjs','입찰금 반환','184 번 상품
물품명 :  한번만 사주세요
다른분의 입찰로 입찰금  6000 원 반환되었습니다.',to_date('2023-02-24 14:38:27','YYYY-MM-DD HH24:MI:SS'),0,0);
Insert into NOTE (NOTESEQ,NOTESENDER,NOTERECEIVER,NOTETITLE,NOTECONTENT,NOTEDATE,NOTECHECK,NOTEDELCHECK) values (1294,'admin','kwonjin8835','입찰금 반환','184 번 상품
물품명 :  한번만 사주세요
다른분의 입찰로 입찰금  6500 원 반환되었습니다.',to_date('2023-02-24 14:38:52','YYYY-MM-DD HH24:MI:SS'),0,1);
Insert into NOTE (NOTESEQ,NOTESENDER,NOTERECEIVER,NOTETITLE,NOTECONTENT,NOTEDATE,NOTECHECK,NOTEDELCHECK) values (1296,'admin','admin','중고품 수취 확인','114 번 상품
물품명 : 여성 속옷
구매자 : qkrtldnjs   판매 금액 :  10000 원 이 입금되었습니다.',to_date('2023-02-24 14:41:56','YYYY-MM-DD HH24:MI:SS'),1,0);
Insert into NOTE (NOTESEQ,NOTESENDER,NOTERECEIVER,NOTETITLE,NOTECONTENT,NOTEDATE,NOTECHECK,NOTEDELCHECK) values (1297,'admin','icia','경매 판매 완료','183 번 상품
물품명 :  모두의 아두이노 책 팝니다
 구매자 : syh213   판매 금액 :  10000 원 .',to_date('2023-02-24 14:42:21','YYYY-MM-DD HH24:MI:SS'),1,0);
Insert into NOTE (NOTESEQ,NOTESENDER,NOTERECEIVER,NOTETITLE,NOTECONTENT,NOTEDATE,NOTECHECK,NOTEDELCHECK) values (1298,'admin','syh213','경매 낙찰','183 번 상품
물품명 :  모두의 아두이노 책 팝니다
금액 : 10000 원에 낙찰되었습니다.',to_date('2023-02-24 14:42:21','YYYY-MM-DD HH24:MI:SS'),1,0);
Insert into NOTE (NOTESEQ,NOTESENDER,NOTERECEIVER,NOTETITLE,NOTECONTENT,NOTEDATE,NOTECHECK,NOTEDELCHECK) values (1299,'admin','syh213','입찰금 반환','184 번 상품
물품명 :  한번만 사주세요
다른분의 입찰로 입찰금  7000 원 반환되었습니다.',to_date('2023-02-24 14:50:01','YYYY-MM-DD HH24:MI:SS'),1,0);
REM INSERTING into NOTICE
SET DEFINE OFF;
Insert into NOTICE (NONUM,NOTITLE,NOCONTENT,NOWRITER,NODATE) values (162,'거래 사기 주의','안녕하세요 고객님.

오늘도 POP MARKET을 이용해주셔서 감사합니다.

 

에어팟(디지털/가전 기기), 선물세트, 상품권 등 명절 선물을 저렴한 가격에 올린 후,

카톡 등 외부 메신저로 유인하는 사기 거래 행위가 늘어날 것으로 예상되어 안내드립니다.

 

아래와 같이 사기가 의심 되는 경우 POPMARKET 내에서 CASH를 통해 거래하시면 구매 후 물건을 직접 확인할 때까지

POP MARKET이 금액을 안전하게 보관하고 있어 각종 사기 피해를 미연에 방지하실 수 있다는 점, 잊지 마세요!

 

 

[사기 의심 유형]

 

1. 외부 메신저로 유도하는 행위 (카톡ID, 계좌, 연락처를 이미지로 전달하는 경우)

 

2. POP MARKET에서 제공하지 않는 결제 서비스를 유도하는 경우 

 

3. 상품의 가격이 시세 대비 비정상적으로 저렴한 경우


 

 

고객님께서도 사기 유형들을 숙지하시어 주의해 주시고 사기 거래가 의심될 경우 즉시 거래를 중단하고
 ''고객센터>문의하기''  또는  ''고객센터>이메일문의'' 로 신고해 주시기 바랍니다.

 

앞으로도 POP MARKET은 고객님의 더 안전한 거래를 위해 최선을 다하겠습니다.

행복하고 풍요로운 하루 되세요.

 

감사합니다.','admin',to_date('2023-02-21 14:33:21','YYYY-MM-DD HH24:MI:SS'));
Insert into NOTICE (NONUM,NOTITLE,NOCONTENT,NOWRITER,NODATE) values (186,'2월 27일(월) 홈페이지 임시 점검 안내','안녕하세요, POP MARKET입니다.

2월 27일(월) 홈페이지 서비스의 정기 점검이 진행될 예정입니다.

자세한 사항은 아래 안내드리는 내용을 확인해 주시기 바랍니다.


POP Market을 이용해 주셔서 감사합니다.','admin',to_date('2023-02-24 14:43:17','YYYY-MM-DD HH24:MI:SS'));
REM INSERTING into QUEST
SET DEFINE OFF;
Insert into QUEST (QUNUM,QUTITLE,QUCONTENT,QUWRITER,QUDATE,QUHIT,QUADATE,QUANSWER) values (184,'판매자가 물건을 보내지 않아요','중고 물품 구매를 하였는데 기간이 지나도 물건이 오지 않아요?
어떻게 해결할 수 있을까요?','qwerty',to_date('2023-02-24 09:00:56','YYYY-MM-DD HH24:MI:SS'),2,null,null);
Insert into QUEST (QUNUM,QUTITLE,QUCONTENT,QUWRITER,QUDATE,QUHIT,QUADATE,QUANSWER) values (183,'칭찬합니다','좋은 서비스를 제공해 주셔서 감사합니다.','syh213',to_date('2023-02-24 09:00:34','YYYY-MM-DD HH24:MI:SS'),1,null,null);
REM INSERTING into REGION
SET DEFINE OFF;
Insert into REGION (RESEQ,RECITY,RENINE) values (1,'강원','강릉시');
Insert into REGION (RESEQ,RECITY,RENINE) values (2,'강원','고성군');
Insert into REGION (RESEQ,RECITY,RENINE) values (3,'강원','동해시');
Insert into REGION (RESEQ,RECITY,RENINE) values (4,'강원','삼척시');
Insert into REGION (RESEQ,RECITY,RENINE) values (5,'강원','속초시');
Insert into REGION (RESEQ,RECITY,RENINE) values (6,'강원','양구군');
Insert into REGION (RESEQ,RECITY,RENINE) values (7,'강원','양양군');
Insert into REGION (RESEQ,RECITY,RENINE) values (8,'강원','영월군');
Insert into REGION (RESEQ,RECITY,RENINE) values (9,'강원','원주시');
Insert into REGION (RESEQ,RECITY,RENINE) values (10,'강원','인제군');
Insert into REGION (RESEQ,RECITY,RENINE) values (11,'강원','정선군');
Insert into REGION (RESEQ,RECITY,RENINE) values (12,'강원','철원군');
Insert into REGION (RESEQ,RECITY,RENINE) values (13,'강원','춘천시');
Insert into REGION (RESEQ,RECITY,RENINE) values (14,'강원','태백시');
Insert into REGION (RESEQ,RECITY,RENINE) values (15,'강원','평창군');
Insert into REGION (RESEQ,RECITY,RENINE) values (16,'강원','홍천군');
Insert into REGION (RESEQ,RECITY,RENINE) values (17,'강원','화천군');
Insert into REGION (RESEQ,RECITY,RENINE) values (18,'강원','횡성군');
Insert into REGION (RESEQ,RECITY,RENINE) values (19,'경기','가평군');
Insert into REGION (RESEQ,RECITY,RENINE) values (20,'경기','고양시');
Insert into REGION (RESEQ,RECITY,RENINE) values (21,'경기','과천시');
Insert into REGION (RESEQ,RECITY,RENINE) values (22,'경기','광명시');
Insert into REGION (RESEQ,RECITY,RENINE) values (23,'경기','광주시');
Insert into REGION (RESEQ,RECITY,RENINE) values (24,'경기','구리시');
Insert into REGION (RESEQ,RECITY,RENINE) values (25,'경기','군포시');
Insert into REGION (RESEQ,RECITY,RENINE) values (26,'경기','김포시');
Insert into REGION (RESEQ,RECITY,RENINE) values (27,'경기','남양주시');
Insert into REGION (RESEQ,RECITY,RENINE) values (28,'경기','동두천시');
Insert into REGION (RESEQ,RECITY,RENINE) values (29,'경기','부천시');
Insert into REGION (RESEQ,RECITY,RENINE) values (30,'경기','성남시');
Insert into REGION (RESEQ,RECITY,RENINE) values (31,'경기','수원시');
Insert into REGION (RESEQ,RECITY,RENINE) values (32,'경기','시흥시');
Insert into REGION (RESEQ,RECITY,RENINE) values (33,'경기','안산시');
Insert into REGION (RESEQ,RECITY,RENINE) values (34,'경기','안성시');
Insert into REGION (RESEQ,RECITY,RENINE) values (35,'경기','안양시');
Insert into REGION (RESEQ,RECITY,RENINE) values (36,'경기','양주시');
Insert into REGION (RESEQ,RECITY,RENINE) values (37,'경기','양평시');
Insert into REGION (RESEQ,RECITY,RENINE) values (38,'경기','여주시');
Insert into REGION (RESEQ,RECITY,RENINE) values (39,'경기','연천시');
Insert into REGION (RESEQ,RECITY,RENINE) values (40,'경기','오산시');
Insert into REGION (RESEQ,RECITY,RENINE) values (41,'경기','용인시');
Insert into REGION (RESEQ,RECITY,RENINE) values (42,'경기','의왕시');
Insert into REGION (RESEQ,RECITY,RENINE) values (43,'경기','의정부시');
Insert into REGION (RESEQ,RECITY,RENINE) values (44,'경기','이천시');
Insert into REGION (RESEQ,RECITY,RENINE) values (45,'경기','파주시');
Insert into REGION (RESEQ,RECITY,RENINE) values (46,'경기','평택시');
Insert into REGION (RESEQ,RECITY,RENINE) values (47,'경기','포천시');
Insert into REGION (RESEQ,RECITY,RENINE) values (48,'경기','하남시');
Insert into REGION (RESEQ,RECITY,RENINE) values (49,'경기','화성시');
Insert into REGION (RESEQ,RECITY,RENINE) values (50,'경남','거제군');
Insert into REGION (RESEQ,RECITY,RENINE) values (51,'경남','거창군');
Insert into REGION (RESEQ,RECITY,RENINE) values (52,'경남','고성군');
Insert into REGION (RESEQ,RECITY,RENINE) values (53,'경남','김해군');
Insert into REGION (RESEQ,RECITY,RENINE) values (54,'경남','남해군');
Insert into REGION (RESEQ,RECITY,RENINE) values (55,'경남','밀양군');
Insert into REGION (RESEQ,RECITY,RENINE) values (56,'경남','사천군');
Insert into REGION (RESEQ,RECITY,RENINE) values (57,'경남','산청군');
Insert into REGION (RESEQ,RECITY,RENINE) values (58,'경남','양산군');
Insert into REGION (RESEQ,RECITY,RENINE) values (59,'경남','의령군');
Insert into REGION (RESEQ,RECITY,RENINE) values (60,'경남','진주시');
Insert into REGION (RESEQ,RECITY,RENINE) values (61,'경남','창년군');
Insert into REGION (RESEQ,RECITY,RENINE) values (62,'경남','창원시');
Insert into REGION (RESEQ,RECITY,RENINE) values (63,'경남','통영시');
Insert into REGION (RESEQ,RECITY,RENINE) values (64,'경남','하동군');
Insert into REGION (RESEQ,RECITY,RENINE) values (65,'경남','함안군');
Insert into REGION (RESEQ,RECITY,RENINE) values (66,'경남','함양군');
Insert into REGION (RESEQ,RECITY,RENINE) values (67,'경남','합천군');
Insert into REGION (RESEQ,RECITY,RENINE) values (68,'경북','경산시');
Insert into REGION (RESEQ,RECITY,RENINE) values (69,'경북','경주시');
Insert into REGION (RESEQ,RECITY,RENINE) values (70,'경북','고령군');
Insert into REGION (RESEQ,RECITY,RENINE) values (71,'경북','구미시');
Insert into REGION (RESEQ,RECITY,RENINE) values (72,'경북','군위군');
Insert into REGION (RESEQ,RECITY,RENINE) values (73,'경북','김천시');
Insert into REGION (RESEQ,RECITY,RENINE) values (74,'경북','문경시');
Insert into REGION (RESEQ,RECITY,RENINE) values (75,'경북','봉화군');
Insert into REGION (RESEQ,RECITY,RENINE) values (76,'경북','상주시');
Insert into REGION (RESEQ,RECITY,RENINE) values (77,'경북','성주군');
Insert into REGION (RESEQ,RECITY,RENINE) values (78,'경북','안동시');
Insert into REGION (RESEQ,RECITY,RENINE) values (79,'경북','영덕군');
Insert into REGION (RESEQ,RECITY,RENINE) values (80,'경북','영양군');
Insert into REGION (RESEQ,RECITY,RENINE) values (81,'경북','영주시');
Insert into REGION (RESEQ,RECITY,RENINE) values (82,'경북','영천시');
Insert into REGION (RESEQ,RECITY,RENINE) values (83,'경북','예천군');
Insert into REGION (RESEQ,RECITY,RENINE) values (84,'경북','울릉군');
Insert into REGION (RESEQ,RECITY,RENINE) values (85,'경북','울진군');
Insert into REGION (RESEQ,RECITY,RENINE) values (86,'경북','의성군');
Insert into REGION (RESEQ,RECITY,RENINE) values (87,'경북','청도군');
Insert into REGION (RESEQ,RECITY,RENINE) values (88,'경북','청송군');
Insert into REGION (RESEQ,RECITY,RENINE) values (89,'경북','칠곡군');
Insert into REGION (RESEQ,RECITY,RENINE) values (90,'경북','포항시');
Insert into REGION (RESEQ,RECITY,RENINE) values (91,'광주','광산구');
Insert into REGION (RESEQ,RECITY,RENINE) values (92,'광주','남구');
Insert into REGION (RESEQ,RECITY,RENINE) values (93,'광주','동구');
Insert into REGION (RESEQ,RECITY,RENINE) values (94,'광주','북구');
Insert into REGION (RESEQ,RECITY,RENINE) values (95,'광주','서구');
Insert into REGION (RESEQ,RECITY,RENINE) values (96,'대구','남구');
Insert into REGION (RESEQ,RECITY,RENINE) values (97,'대구','달서구');
Insert into REGION (RESEQ,RECITY,RENINE) values (98,'대구','달성군');
Insert into REGION (RESEQ,RECITY,RENINE) values (99,'대구','동구');
Insert into REGION (RESEQ,RECITY,RENINE) values (100,'대구','북구');
Insert into REGION (RESEQ,RECITY,RENINE) values (101,'대구','서구');
Insert into REGION (RESEQ,RECITY,RENINE) values (102,'대구','수성구');
Insert into REGION (RESEQ,RECITY,RENINE) values (103,'대구','중구');
Insert into REGION (RESEQ,RECITY,RENINE) values (104,'대전','대덕구');
Insert into REGION (RESEQ,RECITY,RENINE) values (105,'대전','동구');
Insert into REGION (RESEQ,RECITY,RENINE) values (106,'대전','서구');
Insert into REGION (RESEQ,RECITY,RENINE) values (107,'대전','유성구');
Insert into REGION (RESEQ,RECITY,RENINE) values (108,'대전','중구');
Insert into REGION (RESEQ,RECITY,RENINE) values (109,'부산','강서구');
Insert into REGION (RESEQ,RECITY,RENINE) values (110,'부산','금정구');
Insert into REGION (RESEQ,RECITY,RENINE) values (111,'부산','기장군');
Insert into REGION (RESEQ,RECITY,RENINE) values (112,'부산','남구');
Insert into REGION (RESEQ,RECITY,RENINE) values (113,'부산','동구');
Insert into REGION (RESEQ,RECITY,RENINE) values (114,'부산','동래구');
Insert into REGION (RESEQ,RECITY,RENINE) values (115,'부산','부산진구');
Insert into REGION (RESEQ,RECITY,RENINE) values (116,'부산','북구');
Insert into REGION (RESEQ,RECITY,RENINE) values (117,'부산','사상구');
Insert into REGION (RESEQ,RECITY,RENINE) values (118,'부산','사하구');
Insert into REGION (RESEQ,RECITY,RENINE) values (119,'부산','서구');
Insert into REGION (RESEQ,RECITY,RENINE) values (120,'부산','수영구');
Insert into REGION (RESEQ,RECITY,RENINE) values (121,'부산','연제구');
Insert into REGION (RESEQ,RECITY,RENINE) values (122,'부산','영도구');
Insert into REGION (RESEQ,RECITY,RENINE) values (123,'부산','중구');
Insert into REGION (RESEQ,RECITY,RENINE) values (124,'부산','해운대구');
Insert into REGION (RESEQ,RECITY,RENINE) values (125,'서울','강남구');
Insert into REGION (RESEQ,RECITY,RENINE) values (126,'서울','강동구');
Insert into REGION (RESEQ,RECITY,RENINE) values (127,'서울','강북구');
Insert into REGION (RESEQ,RECITY,RENINE) values (128,'서울','강서구');
Insert into REGION (RESEQ,RECITY,RENINE) values (129,'서울','관악구');
Insert into REGION (RESEQ,RECITY,RENINE) values (130,'서울','광진구');
Insert into REGION (RESEQ,RECITY,RENINE) values (131,'서울','구로구');
Insert into REGION (RESEQ,RECITY,RENINE) values (132,'서울','금천구');
Insert into REGION (RESEQ,RECITY,RENINE) values (133,'서울','노원구');
Insert into REGION (RESEQ,RECITY,RENINE) values (134,'서울','도봉구');
Insert into REGION (RESEQ,RECITY,RENINE) values (135,'서울','동대문구');
Insert into REGION (RESEQ,RECITY,RENINE) values (136,'서울','동작구');
Insert into REGION (RESEQ,RECITY,RENINE) values (137,'서울','마포구');
Insert into REGION (RESEQ,RECITY,RENINE) values (138,'서울','서대문구');
Insert into REGION (RESEQ,RECITY,RENINE) values (139,'서울','서초구');
Insert into REGION (RESEQ,RECITY,RENINE) values (140,'서울','성동구');
Insert into REGION (RESEQ,RECITY,RENINE) values (141,'서울','성북구');
Insert into REGION (RESEQ,RECITY,RENINE) values (142,'서울','송파구');
Insert into REGION (RESEQ,RECITY,RENINE) values (143,'서울','양천구');
Insert into REGION (RESEQ,RECITY,RENINE) values (144,'서울','영등포구');
Insert into REGION (RESEQ,RECITY,RENINE) values (145,'서울','용산구');
Insert into REGION (RESEQ,RECITY,RENINE) values (146,'서울','은평구');
Insert into REGION (RESEQ,RECITY,RENINE) values (147,'서울','종로구');
Insert into REGION (RESEQ,RECITY,RENINE) values (148,'서울','중구');
Insert into REGION (RESEQ,RECITY,RENINE) values (149,'서울','중랑구');
Insert into REGION (RESEQ,RECITY,RENINE) values (150,'세종','세종시');
Insert into REGION (RESEQ,RECITY,RENINE) values (151,'울산','남구');
Insert into REGION (RESEQ,RECITY,RENINE) values (152,'울산','동구');
Insert into REGION (RESEQ,RECITY,RENINE) values (153,'울산','북구');
Insert into REGION (RESEQ,RECITY,RENINE) values (154,'울산','울주군');
Insert into REGION (RESEQ,RECITY,RENINE) values (155,'울산','중구');
Insert into REGION (RESEQ,RECITY,RENINE) values (156,'인천','강화군');
Insert into REGION (RESEQ,RECITY,RENINE) values (157,'인천','계양구');
Insert into REGION (RESEQ,RECITY,RENINE) values (158,'인천','남동구');
Insert into REGION (RESEQ,RECITY,RENINE) values (159,'인천','동구');
Insert into REGION (RESEQ,RECITY,RENINE) values (160,'인천','미추홀구');
Insert into REGION (RESEQ,RECITY,RENINE) values (161,'인천','부평구');
Insert into REGION (RESEQ,RECITY,RENINE) values (162,'인천','서구');
Insert into REGION (RESEQ,RECITY,RENINE) values (163,'인천','연수구');
Insert into REGION (RESEQ,RECITY,RENINE) values (164,'인천','옹진군');
Insert into REGION (RESEQ,RECITY,RENINE) values (165,'인천','중구');
Insert into REGION (RESEQ,RECITY,RENINE) values (166,'전남','강진군');
Insert into REGION (RESEQ,RECITY,RENINE) values (167,'전남','고흥군');
Insert into REGION (RESEQ,RECITY,RENINE) values (168,'전남','곡성군');
Insert into REGION (RESEQ,RECITY,RENINE) values (169,'전남','광양시');
Insert into REGION (RESEQ,RECITY,RENINE) values (170,'전남','구례군');
Insert into REGION (RESEQ,RECITY,RENINE) values (171,'전남','나주시');
Insert into REGION (RESEQ,RECITY,RENINE) values (172,'전남','담양군');
Insert into REGION (RESEQ,RECITY,RENINE) values (173,'전남','목포시');
Insert into REGION (RESEQ,RECITY,RENINE) values (174,'전남','무안군');
Insert into REGION (RESEQ,RECITY,RENINE) values (175,'전남','보성군');
Insert into REGION (RESEQ,RECITY,RENINE) values (176,'전남','순천시');
Insert into REGION (RESEQ,RECITY,RENINE) values (177,'전남','신안군');
Insert into REGION (RESEQ,RECITY,RENINE) values (178,'전남','여수시');
Insert into REGION (RESEQ,RECITY,RENINE) values (179,'전남','영광군');
Insert into REGION (RESEQ,RECITY,RENINE) values (180,'전남','영암군');
Insert into REGION (RESEQ,RECITY,RENINE) values (181,'전남','완도군');
Insert into REGION (RESEQ,RECITY,RENINE) values (182,'전남','장성군');
Insert into REGION (RESEQ,RECITY,RENINE) values (183,'전남','장흥군');
Insert into REGION (RESEQ,RECITY,RENINE) values (184,'전남','진도군');
Insert into REGION (RESEQ,RECITY,RENINE) values (185,'전남','함평군');
Insert into REGION (RESEQ,RECITY,RENINE) values (186,'전남','해남군');
Insert into REGION (RESEQ,RECITY,RENINE) values (187,'전남','화순군');
Insert into REGION (RESEQ,RECITY,RENINE) values (188,'전북','고창군');
Insert into REGION (RESEQ,RECITY,RENINE) values (189,'전북','군산시');
Insert into REGION (RESEQ,RECITY,RENINE) values (190,'전북','김제시');
Insert into REGION (RESEQ,RECITY,RENINE) values (191,'전북','남원시');
Insert into REGION (RESEQ,RECITY,RENINE) values (192,'전북','무주군');
Insert into REGION (RESEQ,RECITY,RENINE) values (193,'전북','부안군');
Insert into REGION (RESEQ,RECITY,RENINE) values (194,'전북','순창군');
Insert into REGION (RESEQ,RECITY,RENINE) values (195,'전북','완주군');
Insert into REGION (RESEQ,RECITY,RENINE) values (196,'전북','익산시');
Insert into REGION (RESEQ,RECITY,RENINE) values (197,'전북','임실군');
Insert into REGION (RESEQ,RECITY,RENINE) values (198,'전북','장수군');
Insert into REGION (RESEQ,RECITY,RENINE) values (199,'전북','전주시');
Insert into REGION (RESEQ,RECITY,RENINE) values (200,'전북','정읍시');
Insert into REGION (RESEQ,RECITY,RENINE) values (201,'전북','진안군');
Insert into REGION (RESEQ,RECITY,RENINE) values (202,'제주','서귀포시');
Insert into REGION (RESEQ,RECITY,RENINE) values (203,'제주','제주시');
Insert into REGION (RESEQ,RECITY,RENINE) values (204,'충남','계룡시');
Insert into REGION (RESEQ,RECITY,RENINE) values (205,'충남','공주시');
Insert into REGION (RESEQ,RECITY,RENINE) values (206,'충남','금산군');
Insert into REGION (RESEQ,RECITY,RENINE) values (207,'충남','논산시');
Insert into REGION (RESEQ,RECITY,RENINE) values (208,'충남','당진시');
Insert into REGION (RESEQ,RECITY,RENINE) values (209,'충남','보령시');
Insert into REGION (RESEQ,RECITY,RENINE) values (210,'충남','부여군');
Insert into REGION (RESEQ,RECITY,RENINE) values (211,'충남','사천군');
Insert into REGION (RESEQ,RECITY,RENINE) values (212,'충남','서산시');
Insert into REGION (RESEQ,RECITY,RENINE) values (213,'충남','아산시');
Insert into REGION (RESEQ,RECITY,RENINE) values (214,'충남','예산군');
Insert into REGION (RESEQ,RECITY,RENINE) values (215,'충남','천안시');
Insert into REGION (RESEQ,RECITY,RENINE) values (216,'충남','청양군');
Insert into REGION (RESEQ,RECITY,RENINE) values (217,'충남','태안군');
Insert into REGION (RESEQ,RECITY,RENINE) values (218,'충남','홍성군');
Insert into REGION (RESEQ,RECITY,RENINE) values (219,'충북','괴산군');
Insert into REGION (RESEQ,RECITY,RENINE) values (220,'충북','단양군');
Insert into REGION (RESEQ,RECITY,RENINE) values (221,'충북','보은군');
Insert into REGION (RESEQ,RECITY,RENINE) values (222,'충북','영동군');
Insert into REGION (RESEQ,RECITY,RENINE) values (223,'충북','옥천군');
Insert into REGION (RESEQ,RECITY,RENINE) values (224,'충북','음성군');
Insert into REGION (RESEQ,RECITY,RENINE) values (225,'충북','제천시');
Insert into REGION (RESEQ,RECITY,RENINE) values (226,'충북','증평군');
Insert into REGION (RESEQ,RECITY,RENINE) values (227,'충북','진천군');
Insert into REGION (RESEQ,RECITY,RENINE) values (228,'충북','청주시');
Insert into REGION (RESEQ,RECITY,RENINE) values (229,'충북','충주시');
REM INSERTING into REPQUE
SET DEFINE OFF;
Insert into REPQUE (RQNUM,RQTITLE,RQCONTENT,RQHIT,RQDATE,RQANSWER) values (101,'중고 거래품은 포인트로만 거래할 수 있나요?','중고 거래 상품을 계좌이체나 직접 만나서 거래를 하고 싶은데 따로 구매할 수 있는 방법이 있나요?',14,to_date('2023-02-21 14:30:40','YYYY-MM-DD HH24:MI:SS'),'안녕하세요.  저희 POP Market은 사기를 방지하기 위해 포인트 결제 방식만 허용하고 있습니다. 
만약 대면으로 거래를 하시거나 계좌이체를 통해 거래를 할 경우 
저희 POP Market은 책임을 지지 않으니,
개인적인 거래를 하실 경우 이 점 유의해주시길 바랍니다. 

오늘도 POP Market을 이용해주셔서 감사합니다.');
Insert into REPQUE (RQNUM,RQTITLE,RQCONTENT,RQHIT,RQDATE,RQANSWER) values (102,'경매 마감 시간이 종료되지 않아요!','경매 종료시간 3분 남았을 때 경매품을 낙찰했는데 시간이 자꾸 늘어나요!!',188,to_date('2023-02-21 14:35:06','YYYY-MM-DD HH24:MI:SS'),'안녕하세요. 

저희 POP Market 경매 시스템은 경매 마감 시간이 5분 이내로 남았을 경우 다른 낙찰자가 생긴다면 
경매 마감 시간이 다시 5분부터 재 타임이 됩니다.

이점 유의하시고 안전한 거래 되시길 바라겠습니다. 오늘도 POP Market을 이용해주셔서 감사합니다.');
Insert into REPQUE (RQNUM,RQTITLE,RQCONTENT,RQHIT,RQDATE,RQANSWER) values (103,'어떻게 하면 상품이 잘 팔리나요?','상품이 잘 안 팔려요 어떻게 해야하나요?',10,to_date('2023-02-21 14:38:48','YYYY-MM-DD HH24:MI:SS'),'1. 상품 상태를 꼼꼼히 적어주세요.
상품 설명이 자세할수록 구매자에게 신뢰를 주고 구매자의 질문에 반복적으로 답변할 필요 없이 신속하게 거래할 수 있습니다.

2. 직접 촬영한 사진이나 영상을 첨부해주세요.
상품의 상태를 잘 확인할 수 있는 상세 컷이나 착용사진 등이 판매에 도움이 됩니다.
상품의 특징을 더 잘 보여줄 수 있는 영상을 촬영하시면 더 빨리 판매할 수 있습니다.

3. 정확한 카테고리를 선택해서 등록해주세요.
올바른 카테고리에 등록하면 구매자가 상품을 더 잘 찾을 수 있습니다.');
Insert into REPQUE (RQNUM,RQTITLE,RQCONTENT,RQHIT,RQDATE,RQANSWER) values (65,'경매는 어떤 방식으로 거래가 이루어지나요?','경매 구매하기를 눌렀는데 경매 거래 완료 쪽지가 오지 않아요!',160,to_date('2023-02-16 10:15:01','YYYY-MM-DD HH24:MI:SS'),'저희 POP Market의 경매 시스템은 우선 포인트 결제 방법을 채택하고 있습니다.

또한 최초 낙찰자가 존재할 경우  최초 낙찰자가 경매 마감 시간 전까지 낙찰 예정자가 됩니다.
하지만 경매 마감 시간 전 더 높은 가격을 입력한 다른 낙찰자가 생길 경우 ,
낙찰 예정자는 더 높은 가격을 입력한 구매자가 낙찰 예정자가 됩니다.

낙찰 예정자가 변경될 경우 쪽지를 통해 입력했던 경매가가 다시 반환 되니 쪽지 확인 부탁드립니다.

오늘도 POP Market을 이용해주셔서 감사합니다.');
Insert into REPQUE (RQNUM,RQTITLE,RQCONTENT,RQHIT,RQDATE,RQANSWER) values (81,'카카오 회원으로 로그인했는데 탈퇴는 어떻게 하나요?','카카오 회원으로 탈퇴를 하고 싶은데 탈퇴하기 버튼이 보이질 않아요!',98,to_date('2023-02-20 08:21:40','YYYY-MM-DD HH24:MI:SS'),'안녕하세요 POP Market입니다. 
카카오 회원으로 로그인을 했는데 탈퇴를 하고 싶으셨군요!
저희 POP Market은 카카오 회원 탈퇴 서비스는 제공하고 있지 않습니다.
저희 POP Market의 회원을 탈퇴하고 싶으시다면 로그아웃 시 카카오 계정 끊기를 통해 서비스를 만료 시켜주세요! 
오늘도 POP Market을 이용해주셔서 감사합니다.');
Insert into REPQUE (RQNUM,RQTITLE,RQCONTENT,RQHIT,RQDATE,RQANSWER) values (105,'메인 홈페이지에 마감된 경매 상품이 자꾸 올라와요!','메인 홈페이지에 곧 마감되는 경매 상품이라고 나와있는데 마감된 경매 상품이 올라와 불편해요!',24,to_date('2023-02-21 14:57:07','YYYY-MM-DD HH24:MI:SS'),'안녕하세요.  오늘도 POP Market을 이용해주셔서 감사합니다. 

서비스 이용간에 불편을 드려서 정말 죄송합니다. 
저희 POP Market 직원들도 해당 문제에 대해 고민을 많이 하고 있습니다. 
서비스 운영 중에 해당 문제점의 해결 방안을 모색하는 중이니 최대한 빠른 시일 내에 오류를 수정하도록 하겠습니다.

 저희 POP Market에 많은 관심 가져주시고  이용해주셔서 감사합니다. ');
REM INSERTING into REVIEW
SET DEFINE OFF;
Insert into REVIEW (RVNUM,RVCONTENT,RVWRITER,RVDATE,RVGRADE,RVSELLER,RVINUM) values (142,'상태가 좋아요','syh213',to_date('2023-02-24 08:47:15','YYYY-MM-DD HH24:MI:SS'),5,'admin',132);
Insert into REVIEW (RVNUM,RVCONTENT,RVWRITER,RVDATE,RVGRADE,RVSELLER,RVINUM) values (143,'굿','qkrtldnjs',to_date('2023-02-24 14:42:19','YYYY-MM-DD HH24:MI:SS'),5,'admin',114);
REM INSERTING into SELL
SET DEFINE OFF;
REM INSERTING into USERS
SET DEFINE OFF;
Insert into USERS (USERID,USERPW,USERNAME,USERBIRTH,USERGENDER,USEREMAIL,USERADDR,USERCASH,USERGRADE,USERPROFILENAME,USERSTOREINTRO,USERPHONE,USERCHECK) values ('test','$2a$10$oAYJWRotGzBibuR8r2vXk.bWjTVh7a9utlekffRHnAGX83tzBOQne','테스트',to_date('2023-01-17 00:00:00','YYYY-MM-DD HH24:MI:SS'),'여자','imh213@naver.com','(06035) 서울 강남구 가로수길 5, 111`11',100000,0,'5decf952_checkin.png',null,null,0);
Insert into USERS (USERID,USERPW,USERNAME,USERBIRTH,USERGENDER,USEREMAIL,USERADDR,USERCASH,USERGRADE,USERPROFILENAME,USERSTOREINTRO,USERPHONE,USERCHECK) values ('kakao_2643179987',null,'윤호',to_date('2023-02-03 00:00:00','YYYY-MM-DD HH24:MI:SS'),'남자','imh3691@naver.com','(47201) 부산 부산진구 범전동 63-3, 123',100000,0,'kakaologo.png',null,null,0);
Insert into USERS (USERID,USERPW,USERNAME,USERBIRTH,USERGENDER,USEREMAIL,USERADDR,USERCASH,USERGRADE,USERPROFILENAME,USERSTOREINTRO,USERPHONE,USERCHECK) values ('syh213','$2a$10$oAYJWRotGzBibuR8r2vXk.bWjTVh7a9utlekffRHnAGX83tzBOQne','심윤호',to_date('2023-01-07 00:00:00','YYYY-MM-DD HH24:MI:SS'),'남자','imh213@naver.com','(06035) 서울 강남구 가로수길 5, 111`11',77000,0,'5decf952_checkin.png',null,null,0);
Insert into USERS (USERID,USERPW,USERNAME,USERBIRTH,USERGENDER,USEREMAIL,USERADDR,USERCASH,USERGRADE,USERPROFILENAME,USERSTOREINTRO,USERPHONE,USERCHECK) values ('ieung','$2a$10$xUk2XIhY3CL5ZC2il8jw2uJsgtW9N8PGngc9aCNFEzfMXAHWeL2ea','임장순',to_date('2000-10-29 00:00:00','YYYY-MM-DD HH24:MI:SS'),'남자','imh213@naver','(06035) 서울 강남구 가로수길 5, 111`11',100000,0,'ceae9eca_icon_7.png',null,null,0);
Insert into USERS (USERID,USERPW,USERNAME,USERBIRTH,USERGENDER,USEREMAIL,USERADDR,USERCASH,USERGRADE,USERPROFILENAME,USERSTOREINTRO,USERPHONE,USERCHECK) values ('admin','$2a$10$oAYJWRotGzBibuR8r2vXk.bWjTVh7a9utlekffRHnAGX83tzBOQne','관리자',to_date('2023-01-17 00:00:00','YYYY-MM-DD HH24:MI:SS'),'남자','imh213@naver.com','(06035) 서울 강남구 가로수길 5, 111`11',5424000,50,'admin.png','관리자 계정입니다',null,0);
Insert into USERS (USERID,USERPW,USERNAME,USERBIRTH,USERGENDER,USEREMAIL,USERADDR,USERCASH,USERGRADE,USERPROFILENAME,USERSTOREINTRO,USERPHONE,USERCHECK) values ('qwerty','$2a$10$OH0YjTxcLvEYv3xoeS7RxeHuAoxBlNgbThcRZjtucieizxtHfvGSu','qwerty',to_date('2023-02-07 00:00:00','YYYY-MM-DD HH24:MI:SS'),'남자','wkdtns3917@gmail.com','(01030) 서울 강북구 삼양로123길 1, 1234',100000,0,'ad9985ed_5decf952_checkin.png',null,'01012345678',0);
Insert into USERS (USERID,USERPW,USERNAME,USERBIRTH,USERGENDER,USEREMAIL,USERADDR,USERCASH,USERGRADE,USERPROFILENAME,USERSTOREINTRO,USERPHONE,USERCHECK) values ('kakao_2643090304',null,'권진',null,'남자','kwonjin862@naver.com',null,100000,0,'kakaologo.png',null,null,0);
Insert into USERS (USERID,USERPW,USERNAME,USERBIRTH,USERGENDER,USEREMAIL,USERADDR,USERCASH,USERGRADE,USERPROFILENAME,USERSTOREINTRO,USERPHONE,USERCHECK) values ('kakao_2643097141',null,'임장순',null,'남자','wkdtns6@naver.com',null,100000,0,'kakaologo.png',null,null,0);
Insert into USERS (USERID,USERPW,USERNAME,USERBIRTH,USERGENDER,USEREMAIL,USERADDR,USERCASH,USERGRADE,USERPROFILENAME,USERSTOREINTRO,USERPHONE,USERCHECK) values ('kakao_2643289006',null,'양영준',null,null,'dudwns0605@naver.com',null,100000,0,'kakaologo.png',null,null,0);
Insert into USERS (USERID,USERPW,USERNAME,USERBIRTH,USERGENDER,USEREMAIL,USERADDR,USERCASH,USERGRADE,USERPROFILENAME,USERSTOREINTRO,USERPHONE,USERCHECK) values ('kakao_2636533108',null,'전영주',to_date('2023-02-16 00:00:00','YYYY-MM-DD HH24:MI:SS'),'남자','jionyj4378@naver.com',null,100000,0,'kakaologo.png','수정합니다','01022914372',0);
Insert into USERS (USERID,USERPW,USERNAME,USERBIRTH,USERGENDER,USEREMAIL,USERADDR,USERCASH,USERGRADE,USERPROFILENAME,USERSTOREINTRO,USERPHONE,USERCHECK) values ('jyj','$2a$10$ny5neJK34NaAx7ottrqQN.uNixxxXQP43oiFREAPOz58PmkpNfP5i','전영주',to_date('2023-02-08 00:00:00','YYYY-MM-DD HH24:MI:SS'),'남자','jionyj4372@gmail.com','(22223) 인천 미추홀구 학익동 661-1, 삼전우 72층 흑우',100000,0,'fa0d58f5_4.JPG',null,'01022914372',0);
Insert into USERS (USERID,USERPW,USERNAME,USERBIRTH,USERGENDER,USEREMAIL,USERADDR,USERCASH,USERGRADE,USERPROFILENAME,USERSTOREINTRO,USERPHONE,USERCHECK) values ('kwonjin8835','$2a$10$GLymAA.iNfg3Wi1elsnuJ.YSoroaQbvz2DVcpysI1OMYW7IdyMOHS','권진',to_date('1999-04-25 00:00:00','YYYY-MM-DD HH24:MI:SS'),'남자','kwonjin8835@naver.com','(22204) 인천 미추홀구 노적산로 1, 주소',15000,0,'checkin.png',null,'01032238835',0);
Insert into USERS (USERID,USERPW,USERNAME,USERBIRTH,USERGENDER,USEREMAIL,USERADDR,USERCASH,USERGRADE,USERPROFILENAME,USERSTOREINTRO,USERPHONE,USERCHECK) values ('langcheong','$2a$10$i5.Ger2EiLo7nGD52vPbxOEtSuIdF8.2myBmY5GEcppio9K.kF8kO','김청랑',to_date('2000-12-29 00:00:00','YYYY-MM-DD HH24:MI:SS'),'남자','kim7lovee@naver.com','(21125) 인천 계양구 효서로 381, 2222222',1000,0,'checkin.png',null,'01076391588',0);
Insert into USERS (USERID,USERPW,USERNAME,USERBIRTH,USERGENDER,USEREMAIL,USERADDR,USERCASH,USERGRADE,USERPROFILENAME,USERSTOREINTRO,USERPHONE,USERCHECK) values ('qkrtldnjs','$2a$10$dLiO40gVWEBA9pfzL2UWnOVaUJuqLpddodeVYAp85MDuJyjNs8Ou6','박시원',to_date('2000-11-05 00:00:00','YYYY-MM-DD HH24:MI:SS'),'남자','lveco3407@naver.com','(06100) 서울 강남구 선릉로 635, 123',18000,0,'3fde270e_quVE21658153616.jpg','ㅂㅈㄷ','01082683407',0);
Insert into USERS (USERID,USERPW,USERNAME,USERBIRTH,USERGENDER,USEREMAIL,USERADDR,USERCASH,USERGRADE,USERPROFILENAME,USERSTOREINTRO,USERPHONE,USERCHECK) values ('icia','$2a$10$Ns5TcLK2MZ/LaTKki4DgOuXCC1am8q4g5inM9ZtbeMDvN14S/eU1q','인천일보',to_date('2023-02-24 00:00:00','YYYY-MM-DD HH24:MI:SS'),'남자','jionyj4378@gmail.com','(22223) 인천 미추홀구 학익동 661-1, 인천일보아카데미',2000,0,'5b0754a7_4.JPG',null,'01022914372',0);
Insert into USERS (USERID,USERPW,USERNAME,USERBIRTH,USERGENDER,USEREMAIL,USERADDR,USERCASH,USERGRADE,USERPROFILENAME,USERSTOREINTRO,USERPHONE,USERCHECK) values ('abc','$2a$10$EsEZuUgvyNWXz.UlcdrofO4LBw7juoWs3snIQ6/nySn4cey2sOj8y','에이비씨',to_date('2023-02-22 00:00:00','YYYY-MM-DD HH24:MI:SS'),'남자','naneing@naver.com','(22204) 인천 미추홀구 노적산로 7, 2',1000,0,'checkin.png',null,'01085394655',0);
Insert into USERS (USERID,USERPW,USERNAME,USERBIRTH,USERGENDER,USEREMAIL,USERADDR,USERCASH,USERGRADE,USERPROFILENAME,USERSTOREINTRO,USERPHONE,USERCHECK) values ('hhhlas','$2a$10$euuOZzFts7Gk1wecn3ulYuXmWASgnyCIVFzBp7N66bpxbycDrrDk.','정창민',to_date('2000-01-01 00:00:00','YYYY-MM-DD HH24:MI:SS'),'남자','hhhlas@naver.com','(11) 111, 11',0,0,'2b71815f_강아지1(3).jpg',null,'01053044996',0);
REM INSERTING into BOLIST
SET DEFINE OFF;
Insert into BOLIST (RN,BONUM,BOTITLE,BOCONTENT,BOWRITER,BODATE,BOFILENAME) values (1,244,'중고 거래 후기','편하게 중고거래 할 수 있어서 좋았네요.
앞으로도 자주 이용할거같아요','qwerty',to_date('2023-02-24 08:51:09','YYYY-MM-DD HH24:MI:SS'),null);
Insert into BOLIST (RN,BONUM,BOTITLE,BOCONTENT,BOWRITER,BODATE,BOFILENAME) values (2,243,'안녕하세요','반가워요','syh213',to_date('2023-02-24 08:42:20','YYYY-MM-DD HH24:MI:SS'),null);
REM INSERTING into ITEMLIST
SET DEFINE OFF;
Insert into ITEMLIST (RN,ITEMNUM,ITEMNAME,ITEMCONTENT,ITEMPRICE,ITEMREGION,ITEMPHOTONAME,ITEMCATEGORY,ITEMSELLER,ITEMLIKE,ITEMHIT,ITEMDATE,ITEMCHECK) values (1,308,'혼자 공부하는 자바스크립트(혼공자) 팝니다','혼자 공부하는 자바스크립트(혼공자) 팔아요',12000,160,'972020f6_책 거래1.jpg',700,'icia',1,8,to_date('2023-02-24 14:28:52','YYYY-MM-DD HH24:MI:SS'),2);
Insert into ITEMLIST (RN,ITEMNUM,ITEMNAME,ITEMCONTENT,ITEMPRICE,ITEMREGION,ITEMPHOTONAME,ITEMCATEGORY,ITEMSELLER,ITEMLIKE,ITEMHIT,ITEMDATE,ITEMCHECK) values (2,156,'기타 유아동 용품','유아동기타 유아동 용품',10000,32,'1005.jpg',1005,'admin',2,7,to_date('2023-01-18 09:35:34','YYYY-MM-DD HH24:MI:SS'),0);
Insert into ITEMLIST (RN,ITEMNUM,ITEMNAME,ITEMCONTENT,ITEMPRICE,ITEMREGION,ITEMPHOTONAME,ITEMCATEGORY,ITEMSELLER,ITEMLIKE,ITEMHIT,ITEMDATE,ITEMCHECK) values (3,155,'이유용품/유아식기','유아동이유용품/유아식기',10000,31,'1004.jpg',1004,'admin',0,1,to_date('2023-01-18 09:35:34','YYYY-MM-DD HH24:MI:SS'),0);
Insert into ITEMLIST (RN,ITEMNUM,ITEMNAME,ITEMCONTENT,ITEMPRICE,ITEMREGION,ITEMPHOTONAME,ITEMCATEGORY,ITEMSELLER,ITEMLIKE,ITEMHIT,ITEMDATE,ITEMCHECK) values (4,154,'교육/완구/인형','유아동교육/완구/인형',10000,30,'1003.jpg',1003,'admin',0,0,to_date('2023-01-18 09:35:34','YYYY-MM-DD HH24:MI:SS'),0);
Insert into ITEMLIST (RN,ITEMNUM,ITEMNAME,ITEMCONTENT,ITEMPRICE,ITEMREGION,ITEMPHOTONAME,ITEMCATEGORY,ITEMSELLER,ITEMLIKE,ITEMHIT,ITEMDATE,ITEMCHECK) values (5,153,'여아의류(3세~)','유아동여아의류(3세~)',10000,29,'1002.jpg',1002,'admin',0,2,to_date('2023-01-18 09:35:34','YYYY-MM-DD HH24:MI:SS'),0);
Insert into ITEMLIST (RN,ITEMNUM,ITEMNAME,ITEMCONTENT,ITEMPRICE,ITEMREGION,ITEMPHOTONAME,ITEMCATEGORY,ITEMSELLER,ITEMLIKE,ITEMHIT,ITEMDATE,ITEMCHECK) values (6,152,'남아의류(3세~)','유아동남아의류(3세~)',10000,28,'1001.jpg',1001,'admin',0,0,to_date('2023-01-18 09:35:34','YYYY-MM-DD HH24:MI:SS'),0);
Insert into ITEMLIST (RN,ITEMNUM,ITEMNAME,ITEMCONTENT,ITEMPRICE,ITEMREGION,ITEMPHOTONAME,ITEMCATEGORY,ITEMSELLER,ITEMLIKE,ITEMHIT,ITEMDATE,ITEMCHECK) values (7,151,'베이비의류(0~2세)','유아동베이비의류(0~2세)',10000,27,'1000.jpg',1000,'admin',0,1,to_date('2023-01-18 09:35:34','YYYY-MM-DD HH24:MI:SS'),0);
Insert into ITEMLIST (RN,ITEMNUM,ITEMNAME,ITEMCONTENT,ITEMPRICE,ITEMREGION,ITEMPHOTONAME,ITEMCATEGORY,ITEMSELLER,ITEMLIKE,ITEMHIT,ITEMDATE,ITEMCHECK) values (8,150,'산업용품','생활/가공식품산업용품',10000,26,'903.jpg',903,'admin',0,0,to_date('2023-01-18 09:35:34','YYYY-MM-DD HH24:MI:SS'),0);
Insert into ITEMLIST (RN,ITEMNUM,ITEMNAME,ITEMCONTENT,ITEMPRICE,ITEMREGION,ITEMPHOTONAME,ITEMCATEGORY,ITEMSELLER,ITEMLIKE,ITEMHIT,ITEMDATE,ITEMCHECK) values (9,149,'식품','생활/가공식품식품',10000,25,'902.jpg',902,'admin',0,1,to_date('2023-01-18 09:35:34','YYYY-MM-DD HH24:MI:SS'),0);
Insert into ITEMLIST (RN,ITEMNUM,ITEMNAME,ITEMCONTENT,ITEMPRICE,ITEMREGION,ITEMPHOTONAME,ITEMCATEGORY,ITEMSELLER,ITEMLIKE,ITEMHIT,ITEMDATE,ITEMCHECK) values (10,148,'생활용품','생활/가공식품생활용품',10000,24,'901.jpg',901,'admin',0,0,to_date('2023-01-18 09:35:34','YYYY-MM-DD HH24:MI:SS'),0);
Insert into ITEMLIST (RN,ITEMNUM,ITEMNAME,ITEMCONTENT,ITEMPRICE,ITEMREGION,ITEMPHOTONAME,ITEMCATEGORY,ITEMSELLER,ITEMLIKE,ITEMHIT,ITEMDATE,ITEMCHECK) values (11,147,'주방용품','생활/가공식품주방용품',10000,23,'900.jpg',900,'admin',0,0,to_date('2023-01-18 09:35:34','YYYY-MM-DD HH24:MI:SS'),0);
Insert into ITEMLIST (RN,ITEMNUM,ITEMNAME,ITEMCONTENT,ITEMPRICE,ITEMREGION,ITEMPHOTONAME,ITEMCATEGORY,ITEMSELLER,ITEMLIKE,ITEMHIT,ITEMDATE,ITEMCHECK) values (12,146,'기타 뷰티/미용 용품','뷰티/미용기타 뷰티/미용 용품',10000,22,'805.jpg',805,'admin',0,0,to_date('2023-01-18 09:35:34','YYYY-MM-DD HH24:MI:SS'),0);
Insert into ITEMLIST (RN,ITEMNUM,ITEMNAME,ITEMCONTENT,ITEMPRICE,ITEMREGION,ITEMPHOTONAME,ITEMCATEGORY,ITEMSELLER,ITEMLIKE,ITEMHIT,ITEMDATE,ITEMCHECK) values (13,145,'남성화장품','뷰티/미용남성화장품',10000,21,'804.jpg',804,'admin',0,0,to_date('2023-01-18 09:35:34','YYYY-MM-DD HH24:MI:SS'),0);
Insert into ITEMLIST (RN,ITEMNUM,ITEMNAME,ITEMCONTENT,ITEMPRICE,ITEMREGION,ITEMPHOTONAME,ITEMCATEGORY,ITEMSELLER,ITEMLIKE,ITEMHIT,ITEMDATE,ITEMCHECK) values (14,144,'향수/아로마','뷰티/미용향수/아로마',10000,20,'803.jpg',803,'admin',0,1,to_date('2023-01-18 09:35:34','YYYY-MM-DD HH24:MI:SS'),0);
Insert into ITEMLIST (RN,ITEMNUM,ITEMNAME,ITEMCONTENT,ITEMPRICE,ITEMREGION,ITEMPHOTONAME,ITEMCATEGORY,ITEMSELLER,ITEMLIKE,ITEMHIT,ITEMDATE,ITEMCHECK) values (15,143,'바디/헤어케어','뷰티/미용바디/헤어케어',10000,165,'802.jpg',802,'admin',0,0,to_date('2023-01-18 09:35:34','YYYY-MM-DD HH24:MI:SS'),0);
Insert into ITEMLIST (RN,ITEMNUM,ITEMNAME,ITEMCONTENT,ITEMPRICE,ITEMREGION,ITEMPHOTONAME,ITEMCATEGORY,ITEMSELLER,ITEMLIKE,ITEMHIT,ITEMDATE,ITEMCHECK) values (16,142,'메이크업','뷰티/미용메이크업',10000,164,'801.jpg',801,'admin',0,1,to_date('2023-01-18 09:35:34','YYYY-MM-DD HH24:MI:SS'),0);
Insert into ITEMLIST (RN,ITEMNUM,ITEMNAME,ITEMCONTENT,ITEMPRICE,ITEMREGION,ITEMPHOTONAME,ITEMCATEGORY,ITEMSELLER,ITEMLIKE,ITEMHIT,ITEMDATE,ITEMCHECK) values (17,141,'스킨케어','뷰티/미용스킨케어',10000,163,'800.jpg',800,'admin',0,0,to_date('2023-01-18 09:35:34','YYYY-MM-DD HH24:MI:SS'),0);
Insert into ITEMLIST (RN,ITEMNUM,ITEMNAME,ITEMCONTENT,ITEMPRICE,ITEMREGION,ITEMPHOTONAME,ITEMCATEGORY,ITEMSELLER,ITEMLIKE,ITEMHIT,ITEMDATE,ITEMCHECK) values (18,140,'티켓','도서/티켓/문구티켓',10000,162,'703.jpg',703,'admin',0,0,to_date('2023-01-18 09:35:34','YYYY-MM-DD HH24:MI:SS'),0);
Insert into ITEMLIST (RN,ITEMNUM,ITEMNAME,ITEMCONTENT,ITEMPRICE,ITEMREGION,ITEMPHOTONAME,ITEMCATEGORY,ITEMSELLER,ITEMLIKE,ITEMHIT,ITEMDATE,ITEMCHECK) values (19,139,'기프티콘/쿠폰','도서/티켓/문구기프티콘/쿠폰',10000,161,'702.jpg',702,'admin',0,0,to_date('2023-01-18 09:35:34','YYYY-MM-DD HH24:MI:SS'),0);
Insert into ITEMLIST (RN,ITEMNUM,ITEMNAME,ITEMCONTENT,ITEMPRICE,ITEMREGION,ITEMPHOTONAME,ITEMCATEGORY,ITEMSELLER,ITEMLIKE,ITEMHIT,ITEMDATE,ITEMCHECK) values (20,138,'문구','도서/티켓/문구문구',10000,160,'701.jpg',701,'admin',0,2,to_date('2023-01-18 09:35:34','YYYY-MM-DD HH24:MI:SS'),0);
Insert into ITEMLIST (RN,ITEMNUM,ITEMNAME,ITEMCONTENT,ITEMPRICE,ITEMREGION,ITEMPHOTONAME,ITEMCATEGORY,ITEMSELLER,ITEMLIKE,ITEMHIT,ITEMDATE,ITEMCHECK) values (21,137,'도서','도서/티켓/문구도서',10000,159,'700.jpg',700,'admin',0,0,to_date('2023-01-18 09:35:34','YYYY-MM-DD HH24:MI:SS'),0);
Insert into ITEMLIST (RN,ITEMNUM,ITEMNAME,ITEMCONTENT,ITEMPRICE,ITEMREGION,ITEMPHOTONAME,ITEMCATEGORY,ITEMSELLER,ITEMLIKE,ITEMHIT,ITEMDATE,ITEMCHECK) values (22,136,'기타 스포츠/레저 용품','스포츠/레저기타 스포츠/레저 용품',10000,158,'605.jpg',605,'admin',0,0,to_date('2023-01-18 09:35:34','YYYY-MM-DD HH24:MI:SS'),0);
Insert into ITEMLIST (RN,ITEMNUM,ITEMNAME,ITEMCONTENT,ITEMPRICE,ITEMREGION,ITEMPHOTONAME,ITEMCATEGORY,ITEMSELLER,ITEMLIKE,ITEMHIT,ITEMDATE,ITEMCHECK) values (23,135,'자전거','스포츠/레저자전거',10000,157,'604.jpg',604,'admin',0,1,to_date('2023-01-18 09:35:34','YYYY-MM-DD HH24:MI:SS'),0);
Insert into ITEMLIST (RN,ITEMNUM,ITEMNAME,ITEMCONTENT,ITEMPRICE,ITEMREGION,ITEMPHOTONAME,ITEMCATEGORY,ITEMSELLER,ITEMLIKE,ITEMHIT,ITEMDATE,ITEMCHECK) values (24,134,'축구','스포츠/레저축구',10000,156,'603.jpg',603,'admin',0,1,to_date('2023-01-18 09:35:34','YYYY-MM-DD HH24:MI:SS'),0);
Insert into ITEMLIST (RN,ITEMNUM,ITEMNAME,ITEMCONTENT,ITEMPRICE,ITEMREGION,ITEMPHOTONAME,ITEMCATEGORY,ITEMSELLER,ITEMLIKE,ITEMHIT,ITEMDATE,ITEMCHECK) values (25,133,'낚시','스포츠/레저낚시',10000,150,'602.jpg',602,'admin',0,0,to_date('2023-01-18 09:35:34','YYYY-MM-DD HH24:MI:SS'),0);
Insert into ITEMLIST (RN,ITEMNUM,ITEMNAME,ITEMCONTENT,ITEMPRICE,ITEMREGION,ITEMPHOTONAME,ITEMCATEGORY,ITEMSELLER,ITEMLIKE,ITEMHIT,ITEMDATE,ITEMCHECK) values (26,132,'캠핑','스포츠/레저캠핑',10000,149,'601.jpg',601,'admin',0,1,to_date('2023-01-18 09:35:34','YYYY-MM-DD HH24:MI:SS'),2);
Insert into ITEMLIST (RN,ITEMNUM,ITEMNAME,ITEMCONTENT,ITEMPRICE,ITEMREGION,ITEMPHOTONAME,ITEMCATEGORY,ITEMSELLER,ITEMLIKE,ITEMHIT,ITEMDATE,ITEMCHECK) values (27,131,'골프','스포츠/레저골프',10000,148,'600.jpg',600,'admin',0,0,to_date('2023-01-18 09:35:34','YYYY-MM-DD HH24:MI:SS'),0);
Insert into ITEMLIST (RN,ITEMNUM,ITEMNAME,ITEMCONTENT,ITEMPRICE,ITEMREGION,ITEMPHOTONAME,ITEMCATEGORY,ITEMSELLER,ITEMLIKE,ITEMHIT,ITEMDATE,ITEMCHECK) values (28,130,'기타 전자기기','디지털/가전기타 전자기기',10000,147,'505.jpg',505,'admin',0,0,to_date('2023-01-18 09:35:34','YYYY-MM-DD HH24:MI:SS'),0);
Insert into ITEMLIST (RN,ITEMNUM,ITEMNAME,ITEMCONTENT,ITEMPRICE,ITEMREGION,ITEMPHOTONAME,ITEMCATEGORY,ITEMSELLER,ITEMLIKE,ITEMHIT,ITEMDATE,ITEMCHECK) values (29,129,'게임/타이틀','디지털/가전게임/타이틀',10000,146,'504.jpg',504,'admin',0,0,to_date('2023-01-18 09:35:34','YYYY-MM-DD HH24:MI:SS'),0);
Insert into ITEMLIST (RN,ITEMNUM,ITEMNAME,ITEMCONTENT,ITEMPRICE,ITEMREGION,ITEMPHOTONAME,ITEMCATEGORY,ITEMSELLER,ITEMLIKE,ITEMHIT,ITEMDATE,ITEMCHECK) values (30,128,'PC/노트북','디지털/가전PC/노트북',10000,145,'503.jpg',503,'admin',0,0,to_date('2023-01-18 09:35:34','YYYY-MM-DD HH24:MI:SS'),0);
Insert into ITEMLIST (RN,ITEMNUM,ITEMNAME,ITEMCONTENT,ITEMPRICE,ITEMREGION,ITEMPHOTONAME,ITEMCATEGORY,ITEMSELLER,ITEMLIKE,ITEMHIT,ITEMDATE,ITEMCHECK) values (31,127,'오디오/영상/관련기기','디지털/가전오디오/영상/관련기기',10000,144,'502.jpg',502,'admin',0,0,to_date('2023-01-18 09:35:34','YYYY-MM-DD HH24:MI:SS'),0);
Insert into ITEMLIST (RN,ITEMNUM,ITEMNAME,ITEMCONTENT,ITEMPRICE,ITEMREGION,ITEMPHOTONAME,ITEMCATEGORY,ITEMSELLER,ITEMLIKE,ITEMHIT,ITEMDATE,ITEMCHECK) values (32,126,'가전제품','디지털/가전가전제품',10000,143,'501.jpg',501,'admin',0,0,to_date('2023-01-18 09:35:34','YYYY-MM-DD HH24:MI:SS'),0);
Insert into ITEMLIST (RN,ITEMNUM,ITEMNAME,ITEMCONTENT,ITEMPRICE,ITEMREGION,ITEMPHOTONAME,ITEMCATEGORY,ITEMSELLER,ITEMLIKE,ITEMHIT,ITEMDATE,ITEMCHECK) values (33,125,'모바일','디지털/가전모바일',10000,142,'500.jpg',500,'admin',1,0,to_date('2023-01-18 09:35:34','YYYY-MM-DD HH24:MI:SS'),0);
Insert into ITEMLIST (RN,ITEMNUM,ITEMNAME,ITEMCONTENT,ITEMPRICE,ITEMREGION,ITEMPHOTONAME,ITEMCATEGORY,ITEMSELLER,ITEMLIKE,ITEMHIT,ITEMDATE,ITEMCHECK) values (34,124,'기타 액세서리','액세서리/잡화기타 액세서리',10000,141,'404.jpg',404,'admin',1,0,to_date('2023-01-18 09:35:34','YYYY-MM-DD HH24:MI:SS'),0);
Insert into ITEMLIST (RN,ITEMNUM,ITEMNAME,ITEMCONTENT,ITEMPRICE,ITEMREGION,ITEMPHOTONAME,ITEMCATEGORY,ITEMSELLER,ITEMLIKE,ITEMHIT,ITEMDATE,ITEMCHECK) values (35,123,'안경/선글라스','액세서리/잡화안경/선글라스',10000,140,'403.jpg',403,'admin',0,2,to_date('2023-01-18 09:35:34','YYYY-MM-DD HH24:MI:SS'),0);
Insert into ITEMLIST (RN,ITEMNUM,ITEMNAME,ITEMCONTENT,ITEMPRICE,ITEMREGION,ITEMPHOTONAME,ITEMCATEGORY,ITEMSELLER,ITEMLIKE,ITEMHIT,ITEMDATE,ITEMCHECK) values (36,122,'지갑','액세서리/잡화지갑',10000,139,'402.jpg',402,'admin',0,3,to_date('2023-01-18 09:35:34','YYYY-MM-DD HH24:MI:SS'),0);
Insert into ITEMLIST (RN,ITEMNUM,ITEMNAME,ITEMCONTENT,ITEMPRICE,ITEMREGION,ITEMPHOTONAME,ITEMCATEGORY,ITEMSELLER,ITEMLIKE,ITEMHIT,ITEMDATE,ITEMCHECK) values (37,121,'쥬얼리','액세서리/잡화쥬얼리',10000,138,'401.jpg',401,'admin',0,3,to_date('2023-01-18 09:35:34','YYYY-MM-DD HH24:MI:SS'),0);
Insert into ITEMLIST (RN,ITEMNUM,ITEMNAME,ITEMCONTENT,ITEMPRICE,ITEMREGION,ITEMPHOTONAME,ITEMCATEGORY,ITEMSELLER,ITEMLIKE,ITEMHIT,ITEMDATE,ITEMCHECK) values (38,120,'시계','액세서리/잡화시계',10000,137,'400.jpg',400,'admin',1,3,to_date('2023-01-18 09:35:34','YYYY-MM-DD HH24:MI:SS'),0);
Insert into ITEMLIST (RN,ITEMNUM,ITEMNAME,ITEMCONTENT,ITEMPRICE,ITEMREGION,ITEMPHOTONAME,ITEMCATEGORY,ITEMSELLER,ITEMLIKE,ITEMHIT,ITEMDATE,ITEMCHECK) values (39,119,'기타 신발','신발기타 신발',10000,136,'303.jpg',303,'admin',0,1,to_date('2023-01-18 09:35:34','YYYY-MM-DD HH24:MI:SS'),0);
Insert into ITEMLIST (RN,ITEMNUM,ITEMNAME,ITEMCONTENT,ITEMPRICE,ITEMREGION,ITEMPHOTONAME,ITEMCATEGORY,ITEMSELLER,ITEMLIKE,ITEMHIT,ITEMDATE,ITEMCHECK) values (40,118,'여성화','신발여성화',10000,135,'302.jpg',302,'admin',0,0,to_date('2023-01-18 09:35:34','YYYY-MM-DD HH24:MI:SS'),0);
Insert into ITEMLIST (RN,ITEMNUM,ITEMNAME,ITEMCONTENT,ITEMPRICE,ITEMREGION,ITEMPHOTONAME,ITEMCATEGORY,ITEMSELLER,ITEMLIKE,ITEMHIT,ITEMDATE,ITEMCHECK) values (41,117,'남성화','신발남성화',10000,134,'301.jpg',301,'admin',2,3,to_date('2023-01-18 09:35:34','YYYY-MM-DD HH24:MI:SS'),0);
Insert into ITEMLIST (RN,ITEMNUM,ITEMNAME,ITEMCONTENT,ITEMPRICE,ITEMREGION,ITEMPHOTONAME,ITEMCATEGORY,ITEMSELLER,ITEMLIKE,ITEMHIT,ITEMDATE,ITEMCHECK) values (42,116,'스니커즈','신발스니커즈',10000,133,'300.jpg',300,'admin',1,4,to_date('2023-01-18 09:35:34','YYYY-MM-DD HH24:MI:SS'),0);
Insert into ITEMLIST (RN,ITEMNUM,ITEMNAME,ITEMCONTENT,ITEMPRICE,ITEMREGION,ITEMPHOTONAME,ITEMCATEGORY,ITEMSELLER,ITEMLIKE,ITEMHIT,ITEMDATE,ITEMCHECK) values (43,115,'여성 기타의류','여성의류여성 기타의류',10000,132,'203.jpg',203,'admin',2,5,to_date('2023-01-18 09:35:34','YYYY-MM-DD HH24:MI:SS'),0);
Insert into ITEMLIST (RN,ITEMNUM,ITEMNAME,ITEMCONTENT,ITEMPRICE,ITEMREGION,ITEMPHOTONAME,ITEMCATEGORY,ITEMSELLER,ITEMLIKE,ITEMHIT,ITEMDATE,ITEMCHECK) values (44,114,'여성 속옷','여성의류여성 속옷',10000,131,'202.jpg',202,'admin',1,7,to_date('2023-01-18 09:35:34','YYYY-MM-DD HH24:MI:SS'),2);
Insert into ITEMLIST (RN,ITEMNUM,ITEMNAME,ITEMCONTENT,ITEMPRICE,ITEMREGION,ITEMPHOTONAME,ITEMCATEGORY,ITEMSELLER,ITEMLIKE,ITEMHIT,ITEMDATE,ITEMCHECK) values (45,113,'여성 하의','여성의류여성 하의',10000,130,'201.jpg',201,'admin',1,11,to_date('2023-01-18 09:35:34','YYYY-MM-DD HH24:MI:SS'),0);
Insert into ITEMLIST (RN,ITEMNUM,ITEMNAME,ITEMCONTENT,ITEMPRICE,ITEMREGION,ITEMPHOTONAME,ITEMCATEGORY,ITEMSELLER,ITEMLIKE,ITEMHIT,ITEMDATE,ITEMCHECK) values (46,112,'여성 상의','여성의류여성 상의',10000,129,'200.jpg',200,'admin',1,9,to_date('2023-01-18 09:35:34','YYYY-MM-DD HH24:MI:SS'),0);
Insert into ITEMLIST (RN,ITEMNUM,ITEMNAME,ITEMCONTENT,ITEMPRICE,ITEMREGION,ITEMPHOTONAME,ITEMCATEGORY,ITEMSELLER,ITEMLIKE,ITEMHIT,ITEMDATE,ITEMCHECK) values (47,111,'남성 기타의류','남성의류남성 기타의류',10000,128,'103.jpg',103,'admin',1,11,to_date('2023-01-18 09:35:34','YYYY-MM-DD HH24:MI:SS'),0);
Insert into ITEMLIST (RN,ITEMNUM,ITEMNAME,ITEMCONTENT,ITEMPRICE,ITEMREGION,ITEMPHOTONAME,ITEMCATEGORY,ITEMSELLER,ITEMLIKE,ITEMHIT,ITEMDATE,ITEMCHECK) values (48,110,'남성속옷','남성의류남성속옷',10000,127,'102.jpg',102,'admin',2,87,to_date('2023-01-18 09:35:34','YYYY-MM-DD HH24:MI:SS'),1);
Insert into ITEMLIST (RN,ITEMNUM,ITEMNAME,ITEMCONTENT,ITEMPRICE,ITEMREGION,ITEMPHOTONAME,ITEMCATEGORY,ITEMSELLER,ITEMLIKE,ITEMHIT,ITEMDATE,ITEMCHECK) values (49,109,'남성하의','남성의류남성하의',10000,126,'101.jpg',101,'admin',2,134,to_date('2023-01-18 09:35:34','YYYY-MM-DD HH24:MI:SS'),0);
Insert into ITEMLIST (RN,ITEMNUM,ITEMNAME,ITEMCONTENT,ITEMPRICE,ITEMREGION,ITEMPHOTONAME,ITEMCATEGORY,ITEMSELLER,ITEMLIKE,ITEMHIT,ITEMDATE,ITEMCHECK) values (50,108,'남성상의','남성의류남성상의',10000,125,'100.jpg',100,'admin',1,16,to_date('2023-01-18 09:35:34','YYYY-MM-DD HH24:MI:SS'),1);
Insert into ITEMLIST (RN,ITEMNUM,ITEMNAME,ITEMCONTENT,ITEMPRICE,ITEMREGION,ITEMPHOTONAME,ITEMCATEGORY,ITEMSELLER,ITEMLIKE,ITEMHIT,ITEMDATE,ITEMCHECK) values (51,107,'남성상의','남성의류남성상의',10000,125,'100.jpg',100,'admin',0,2,to_date('2023-01-18 09:35:11','YYYY-MM-DD HH24:MI:SS'),0);
REM INSERTING into NOTEGETLIST
SET DEFINE OFF;
Insert into NOTEGETLIST (RN,NOTESEQ,NOTESENDER,NOTERECEIVER,NOTETITLE,NOTECONTENT,NOTEDATE,NOTECHECK) values (1,1299,'admin','syh213','입찰금 반환','184 번 상품
물품명 :  한번만 사주세요
다른분의 입찰로 입찰금  7000 원 반환되었습니다.',to_date('2023-02-24 14:50:01','YYYY-MM-DD HH24:MI:SS'),1);
Insert into NOTEGETLIST (RN,NOTESEQ,NOTESENDER,NOTERECEIVER,NOTETITLE,NOTECONTENT,NOTEDATE,NOTECHECK) values (2,1298,'admin','syh213','경매 낙찰','183 번 상품
물품명 :  모두의 아두이노 책 팝니다
금액 : 10000 원에 낙찰되었습니다.',to_date('2023-02-24 14:42:21','YYYY-MM-DD HH24:MI:SS'),1);
Insert into NOTEGETLIST (RN,NOTESEQ,NOTESENDER,NOTERECEIVER,NOTETITLE,NOTECONTENT,NOTEDATE,NOTECHECK) values (3,1297,'admin','icia','경매 판매 완료','183 번 상품
물품명 :  모두의 아두이노 책 팝니다
 구매자 : syh213   판매 금액 :  10000 원 .',to_date('2023-02-24 14:42:21','YYYY-MM-DD HH24:MI:SS'),1);
Insert into NOTEGETLIST (RN,NOTESEQ,NOTESENDER,NOTERECEIVER,NOTETITLE,NOTECONTENT,NOTEDATE,NOTECHECK) values (4,1296,'admin','admin','중고품 수취 확인','114 번 상품
물품명 : 여성 속옷
구매자 : qkrtldnjs   판매 금액 :  10000 원 이 입금되었습니다.',to_date('2023-02-24 14:41:56','YYYY-MM-DD HH24:MI:SS'),1);
Insert into NOTEGETLIST (RN,NOTESEQ,NOTESENDER,NOTERECEIVER,NOTETITLE,NOTECONTENT,NOTEDATE,NOTECHECK) values (5,1294,'admin','kwonjin8835','입찰금 반환','184 번 상품
물품명 :  한번만 사주세요
다른분의 입찰로 입찰금  6500 원 반환되었습니다.',to_date('2023-02-24 14:38:52','YYYY-MM-DD HH24:MI:SS'),0);
Insert into NOTEGETLIST (RN,NOTESEQ,NOTESENDER,NOTERECEIVER,NOTETITLE,NOTECONTENT,NOTEDATE,NOTECHECK) values (6,1293,'admin','qkrtldnjs','입찰금 반환','184 번 상품
물품명 :  한번만 사주세요
다른분의 입찰로 입찰금  6000 원 반환되었습니다.',to_date('2023-02-24 14:38:27','YYYY-MM-DD HH24:MI:SS'),0);
Insert into NOTEGETLIST (RN,NOTESEQ,NOTESENDER,NOTERECEIVER,NOTETITLE,NOTECONTENT,NOTEDATE,NOTECHECK) values (7,1292,'admin','kwonjin8835','입찰금 반환','183 번 상품
물품명 :  모두의 아두이노 책 팝니다
다른분의 입찰로 입찰금  9500 원 반환되었습니다.',to_date('2023-02-24 14:37:21','YYYY-MM-DD HH24:MI:SS'),0);
Insert into NOTEGETLIST (RN,NOTESEQ,NOTESENDER,NOTERECEIVER,NOTETITLE,NOTECONTENT,NOTEDATE,NOTECHECK) values (8,1291,'admin','syh213','입찰금 반환','183 번 상품
물품명 :  모두의 아두이노 책 팝니다
다른분의 입찰로 입찰금  9000 원 반환되었습니다.',to_date('2023-02-24 14:36:37','YYYY-MM-DD HH24:MI:SS'),1);
Insert into NOTEGETLIST (RN,NOTESEQ,NOTESENDER,NOTERECEIVER,NOTETITLE,NOTECONTENT,NOTEDATE,NOTECHECK) values (9,1290,'admin','admin','중고품 판매 완료','110 번 상품
물품명 :  남성속옷
구매자 : qkrtldnjs   판매 금액 :  10000 원 .',to_date('2023-02-24 14:31:45','YYYY-MM-DD HH24:MI:SS'),0);
Insert into NOTEGETLIST (RN,NOTESEQ,NOTESENDER,NOTERECEIVER,NOTETITLE,NOTECONTENT,NOTEDATE,NOTECHECK) values (10,1289,'admin','admin','중고품 판매 완료','108 번 상품
물품명 :  남성상의
구매자 : icia   판매 금액 :  10000 원 .',to_date('2023-02-24 14:31:25','YYYY-MM-DD HH24:MI:SS'),1);
Insert into NOTEGETLIST (RN,NOTESEQ,NOTESENDER,NOTERECEIVER,NOTETITLE,NOTECONTENT,NOTEDATE,NOTECHECK) values (11,1288,'qkrtldnjs','admin','잘만들었네요','ㅎㅇ',to_date('2023-02-24 14:31:08','YYYY-MM-DD HH24:MI:SS'),1);
Insert into NOTEGETLIST (RN,NOTESEQ,NOTESENDER,NOTERECEIVER,NOTETITLE,NOTECONTENT,NOTEDATE,NOTECHECK) values (12,1287,'admin','admin','중고품 판매 완료','114 번 상품
물품명 :  여성 속옷
구매자 : qkrtldnjs   판매 금액 :  10000 원 .',to_date('2023-02-24 14:30:50','YYYY-MM-DD HH24:MI:SS'),1);
Insert into NOTEGETLIST (RN,NOTESEQ,NOTESENDER,NOTERECEIVER,NOTETITLE,NOTECONTENT,NOTEDATE,NOTECHECK) values (13,1286,'admin','icia','중고품 수취 확인','308 번 상품
물품명 : 
구매자 : qkrtldnjs   판매 금액 :  12000 원 이 입금되었습니다.',to_date('2023-02-24 14:30:11','YYYY-MM-DD HH24:MI:SS'),1);
Insert into NOTEGETLIST (RN,NOTESEQ,NOTESENDER,NOTERECEIVER,NOTETITLE,NOTECONTENT,NOTEDATE,NOTECHECK) values (14,1285,'admin','icia','중고품 판매 완료','308 번 상품
물품명 :  혼자 공부하는 자바스크립트(혼공자) 팝니다
구매자 : qkrtldnjs   판매 금액 :  12000 원 .',to_date('2023-02-24 14:30:02','YYYY-MM-DD HH24:MI:SS'),1);
Insert into NOTEGETLIST (RN,NOTESEQ,NOTESENDER,NOTERECEIVER,NOTETITLE,NOTECONTENT,NOTEDATE,NOTECHECK) values (15,1284,'admin','admin','중고품 수취 확인','132 번 상품
물품명 : 캠핑
구매자 : syh213   판매 금액 :  10000 원 이 입금되었습니다.',to_date('2023-02-24 08:47:01','YYYY-MM-DD HH24:MI:SS'),1);
Insert into NOTEGETLIST (RN,NOTESEQ,NOTESENDER,NOTERECEIVER,NOTETITLE,NOTECONTENT,NOTEDATE,NOTECHECK) values (16,1283,'admin','admin','중고품 판매 완료','132 번 상품
물품명 :  캠핑
구매자 : syh213   판매 금액 :  10000 원 .',to_date('2023-02-24 08:46:50','YYYY-MM-DD HH24:MI:SS'),1);
--------------------------------------------------------
--  DDL for Index AUCTIONLIKE_PK
--------------------------------------------------------

  CREATE UNIQUE INDEX "AUCTIONLIKE_PK" ON "AUCTIONLIKE" ("ALNUM") 
  PCTFREE 10 INITRANS 2 MAXTRANS 255 COMPUTE STATISTICS 
  STORAGE(INITIAL 65536 NEXT 1048576 MINEXTENTS 1 MAXEXTENTS 2147483645
  PCTINCREASE 0 FREELISTS 1 FREELIST GROUPS 1 BUFFER_POOL DEFAULT FLASH_CACHE DEFAULT CELL_FLASH_CACHE DEFAULT)
  TABLESPACE "SYSTEM" ;
--------------------------------------------------------
--  DDL for Index SYS_C007466
--------------------------------------------------------

  CREATE UNIQUE INDEX "SYS_C007466" ON "USERS" ("USERID") 
  PCTFREE 10 INITRANS 2 MAXTRANS 255 COMPUTE STATISTICS 
  STORAGE(INITIAL 65536 NEXT 1048576 MINEXTENTS 1 MAXEXTENTS 2147483645
  PCTINCREASE 0 FREELISTS 1 FREELIST GROUPS 1 BUFFER_POOL DEFAULT FLASH_CACHE DEFAULT CELL_FLASH_CACHE DEFAULT)
  TABLESPACE "SYSTEM" ;
--------------------------------------------------------
--  DDL for Index SYS_C007467
--------------------------------------------------------

  CREATE UNIQUE INDEX "SYS_C007467" ON "REGION" ("RESEQ") 
  PCTFREE 10 INITRANS 2 MAXTRANS 255 COMPUTE STATISTICS 
  STORAGE(INITIAL 65536 NEXT 1048576 MINEXTENTS 1 MAXEXTENTS 2147483645
  PCTINCREASE 0 FREELISTS 1 FREELIST GROUPS 1 BUFFER_POOL DEFAULT FLASH_CACHE DEFAULT CELL_FLASH_CACHE DEFAULT)
  TABLESPACE "SYSTEM" ;
--------------------------------------------------------
--  DDL for Index SYS_C007468
--------------------------------------------------------

  CREATE UNIQUE INDEX "SYS_C007468" ON "NOTE" ("NOTESEQ") 
  PCTFREE 10 INITRANS 2 MAXTRANS 255 COMPUTE STATISTICS 
  STORAGE(INITIAL 65536 NEXT 1048576 MINEXTENTS 1 MAXEXTENTS 2147483645
  PCTINCREASE 0 FREELISTS 1 FREELIST GROUPS 1 BUFFER_POOL DEFAULT FLASH_CACHE DEFAULT CELL_FLASH_CACHE DEFAULT)
  TABLESPACE "SYSTEM" ;
--------------------------------------------------------
--  DDL for Index SYS_C007469
--------------------------------------------------------

  CREATE UNIQUE INDEX "SYS_C007469" ON "ITEM" ("ITEMNUM") 
  PCTFREE 10 INITRANS 2 MAXTRANS 255 COMPUTE STATISTICS 
  STORAGE(INITIAL 65536 NEXT 1048576 MINEXTENTS 1 MAXEXTENTS 2147483645
  PCTINCREASE 0 FREELISTS 1 FREELIST GROUPS 1 BUFFER_POOL DEFAULT FLASH_CACHE DEFAULT CELL_FLASH_CACHE DEFAULT)
  TABLESPACE "SYSTEM" ;
--------------------------------------------------------
--  DDL for Index SYS_C007470
--------------------------------------------------------

  CREATE UNIQUE INDEX "SYS_C007470" ON "BOARD" ("BONUM") 
  PCTFREE 10 INITRANS 2 MAXTRANS 255 COMPUTE STATISTICS 
  STORAGE(INITIAL 65536 NEXT 1048576 MINEXTENTS 1 MAXEXTENTS 2147483645
  PCTINCREASE 0 FREELISTS 1 FREELIST GROUPS 1 BUFFER_POOL DEFAULT FLASH_CACHE DEFAULT CELL_FLASH_CACHE DEFAULT)
  TABLESPACE "SYSTEM" ;
--------------------------------------------------------
--  DDL for Index SYS_C007471
--------------------------------------------------------

  CREATE UNIQUE INDEX "SYS_C007471" ON "REVIEW" ("RVNUM") 
  PCTFREE 10 INITRANS 2 MAXTRANS 255 COMPUTE STATISTICS 
  STORAGE(INITIAL 65536 NEXT 1048576 MINEXTENTS 1 MAXEXTENTS 2147483645
  PCTINCREASE 0 FREELISTS 1 FREELIST GROUPS 1 BUFFER_POOL DEFAULT FLASH_CACHE DEFAULT CELL_FLASH_CACHE DEFAULT)
  TABLESPACE "SYSTEM" ;
--------------------------------------------------------
--  DDL for Index SYS_C007472
--------------------------------------------------------

  CREATE UNIQUE INDEX "SYS_C007472" ON "CATEGORY" ("CASEQ") 
  PCTFREE 10 INITRANS 2 MAXTRANS 255 COMPUTE STATISTICS 
  STORAGE(INITIAL 65536 NEXT 1048576 MINEXTENTS 1 MAXEXTENTS 2147483645
  PCTINCREASE 0 FREELISTS 1 FREELIST GROUPS 1 BUFFER_POOL DEFAULT FLASH_CACHE DEFAULT CELL_FLASH_CACHE DEFAULT)
  TABLESPACE "SYSTEM" ;
--------------------------------------------------------
--  DDL for Index SYS_C007473
--------------------------------------------------------

  CREATE UNIQUE INDEX "SYS_C007473" ON "SELL" ("SELLSEQ") 
  PCTFREE 10 INITRANS 2 MAXTRANS 255 COMPUTE STATISTICS 
  STORAGE(INITIAL 65536 NEXT 1048576 MINEXTENTS 1 MAXEXTENTS 2147483645
  PCTINCREASE 0 FREELISTS 1 FREELIST GROUPS 1 BUFFER_POOL DEFAULT FLASH_CACHE DEFAULT CELL_FLASH_CACHE DEFAULT)
  TABLESPACE "SYSTEM" ;
--------------------------------------------------------
--  DDL for Index SYS_C007474
--------------------------------------------------------

  CREATE UNIQUE INDEX "SYS_C007474" ON "NOTICE" ("NONUM") 
  PCTFREE 10 INITRANS 2 MAXTRANS 255 COMPUTE STATISTICS 
  STORAGE(INITIAL 65536 NEXT 1048576 MINEXTENTS 1 MAXEXTENTS 2147483645
  PCTINCREASE 0 FREELISTS 1 FREELIST GROUPS 1 BUFFER_POOL DEFAULT FLASH_CACHE DEFAULT CELL_FLASH_CACHE DEFAULT)
  TABLESPACE "SYSTEM" ;
--------------------------------------------------------
--  DDL for Index SYS_C007475
--------------------------------------------------------

  CREATE UNIQUE INDEX "SYS_C007475" ON "QUEST" ("QUNUM") 
  PCTFREE 10 INITRANS 2 MAXTRANS 255 COMPUTE STATISTICS 
  STORAGE(INITIAL 65536 NEXT 1048576 MINEXTENTS 1 MAXEXTENTS 2147483645
  PCTINCREASE 0 FREELISTS 1 FREELIST GROUPS 1 BUFFER_POOL DEFAULT FLASH_CACHE DEFAULT CELL_FLASH_CACHE DEFAULT)
  TABLESPACE "SYSTEM" ;
--------------------------------------------------------
--  DDL for Index SYS_C007476
--------------------------------------------------------

  CREATE UNIQUE INDEX "SYS_C007476" ON "REPQUE" ("RQNUM") 
  PCTFREE 10 INITRANS 2 MAXTRANS 255 COMPUTE STATISTICS 
  STORAGE(INITIAL 65536 NEXT 1048576 MINEXTENTS 1 MAXEXTENTS 2147483645
  PCTINCREASE 0 FREELISTS 1 FREELIST GROUPS 1 BUFFER_POOL DEFAULT FLASH_CACHE DEFAULT CELL_FLASH_CACHE DEFAULT)
  TABLESPACE "SYSTEM" ;
--------------------------------------------------------
--  DDL for Index SYS_C007477
--------------------------------------------------------

  CREATE UNIQUE INDEX "SYS_C007477" ON "COMMENTS" ("CONUM") 
  PCTFREE 10 INITRANS 2 MAXTRANS 255 COMPUTE STATISTICS 
  STORAGE(INITIAL 65536 NEXT 1048576 MINEXTENTS 1 MAXEXTENTS 2147483645
  PCTINCREASE 0 FREELISTS 1 FREELIST GROUPS 1 BUFFER_POOL DEFAULT FLASH_CACHE DEFAULT CELL_FLASH_CACHE DEFAULT)
  TABLESPACE "SYSTEM" ;
--------------------------------------------------------
--  DDL for Index SYS_C007530
--------------------------------------------------------

  CREATE UNIQUE INDEX "SYS_C007530" ON "AUCTION" ("AUNUM") 
  PCTFREE 10 INITRANS 2 MAXTRANS 255 COMPUTE STATISTICS 
  STORAGE(INITIAL 65536 NEXT 1048576 MINEXTENTS 1 MAXEXTENTS 2147483645
  PCTINCREASE 0 FREELISTS 1 FREELIST GROUPS 1 BUFFER_POOL DEFAULT FLASH_CACHE DEFAULT CELL_FLASH_CACHE DEFAULT)
  TABLESPACE "SYSTEM" ;
--------------------------------------------------------
--  DDL for Index SYS_C007617
--------------------------------------------------------

  CREATE UNIQUE INDEX "SYS_C007617" ON "ITEMCOMMENTS" ("ICNUM") 
  PCTFREE 10 INITRANS 2 MAXTRANS 255 COMPUTE STATISTICS 
  STORAGE(INITIAL 65536 NEXT 1048576 MINEXTENTS 1 MAXEXTENTS 2147483645
  PCTINCREASE 0 FREELISTS 1 FREELIST GROUPS 1 BUFFER_POOL DEFAULT FLASH_CACHE DEFAULT CELL_FLASH_CACHE DEFAULT)
  TABLESPACE "SYSTEM" ;
--------------------------------------------------------
--  DDL for Index SYS_C007643
--------------------------------------------------------

  CREATE UNIQUE INDEX "SYS_C007643" ON "ITEMLIKE" ("ILNUM") 
  PCTFREE 10 INITRANS 2 MAXTRANS 255 COMPUTE STATISTICS 
  STORAGE(INITIAL 65536 NEXT 1048576 MINEXTENTS 1 MAXEXTENTS 2147483645
  PCTINCREASE 0 FREELISTS 1 FREELIST GROUPS 1 BUFFER_POOL DEFAULT FLASH_CACHE DEFAULT CELL_FLASH_CACHE DEFAULT)
  TABLESPACE "SYSTEM" ;
--------------------------------------------------------
--  DDL for Index SYS_C007530
--------------------------------------------------------

  CREATE UNIQUE INDEX "SYS_C007530" ON "AUCTION" ("AUNUM") 
  PCTFREE 10 INITRANS 2 MAXTRANS 255 COMPUTE STATISTICS 
  STORAGE(INITIAL 65536 NEXT 1048576 MINEXTENTS 1 MAXEXTENTS 2147483645
  PCTINCREASE 0 FREELISTS 1 FREELIST GROUPS 1 BUFFER_POOL DEFAULT FLASH_CACHE DEFAULT CELL_FLASH_CACHE DEFAULT)
  TABLESPACE "SYSTEM" ;
--------------------------------------------------------
--  DDL for Index AUCTIONLIKE_PK
--------------------------------------------------------

  CREATE UNIQUE INDEX "AUCTIONLIKE_PK" ON "AUCTIONLIKE" ("ALNUM") 
  PCTFREE 10 INITRANS 2 MAXTRANS 255 COMPUTE STATISTICS 
  STORAGE(INITIAL 65536 NEXT 1048576 MINEXTENTS 1 MAXEXTENTS 2147483645
  PCTINCREASE 0 FREELISTS 1 FREELIST GROUPS 1 BUFFER_POOL DEFAULT FLASH_CACHE DEFAULT CELL_FLASH_CACHE DEFAULT)
  TABLESPACE "SYSTEM" ;
--------------------------------------------------------
--  DDL for Index SYS_C007470
--------------------------------------------------------

  CREATE UNIQUE INDEX "SYS_C007470" ON "BOARD" ("BONUM") 
  PCTFREE 10 INITRANS 2 MAXTRANS 255 COMPUTE STATISTICS 
  STORAGE(INITIAL 65536 NEXT 1048576 MINEXTENTS 1 MAXEXTENTS 2147483645
  PCTINCREASE 0 FREELISTS 1 FREELIST GROUPS 1 BUFFER_POOL DEFAULT FLASH_CACHE DEFAULT CELL_FLASH_CACHE DEFAULT)
  TABLESPACE "SYSTEM" ;
--------------------------------------------------------
--  DDL for Index SYS_C007472
--------------------------------------------------------

  CREATE UNIQUE INDEX "SYS_C007472" ON "CATEGORY" ("CASEQ") 
  PCTFREE 10 INITRANS 2 MAXTRANS 255 COMPUTE STATISTICS 
  STORAGE(INITIAL 65536 NEXT 1048576 MINEXTENTS 1 MAXEXTENTS 2147483645
  PCTINCREASE 0 FREELISTS 1 FREELIST GROUPS 1 BUFFER_POOL DEFAULT FLASH_CACHE DEFAULT CELL_FLASH_CACHE DEFAULT)
  TABLESPACE "SYSTEM" ;
--------------------------------------------------------
--  DDL for Index SYS_C007477
--------------------------------------------------------

  CREATE UNIQUE INDEX "SYS_C007477" ON "COMMENTS" ("CONUM") 
  PCTFREE 10 INITRANS 2 MAXTRANS 255 COMPUTE STATISTICS 
  STORAGE(INITIAL 65536 NEXT 1048576 MINEXTENTS 1 MAXEXTENTS 2147483645
  PCTINCREASE 0 FREELISTS 1 FREELIST GROUPS 1 BUFFER_POOL DEFAULT FLASH_CACHE DEFAULT CELL_FLASH_CACHE DEFAULT)
  TABLESPACE "SYSTEM" ;
--------------------------------------------------------
--  DDL for Index SYS_C007469
--------------------------------------------------------

  CREATE UNIQUE INDEX "SYS_C007469" ON "ITEM" ("ITEMNUM") 
  PCTFREE 10 INITRANS 2 MAXTRANS 255 COMPUTE STATISTICS 
  STORAGE(INITIAL 65536 NEXT 1048576 MINEXTENTS 1 MAXEXTENTS 2147483645
  PCTINCREASE 0 FREELISTS 1 FREELIST GROUPS 1 BUFFER_POOL DEFAULT FLASH_CACHE DEFAULT CELL_FLASH_CACHE DEFAULT)
  TABLESPACE "SYSTEM" ;
--------------------------------------------------------
--  DDL for Index SYS_C007617
--------------------------------------------------------

  CREATE UNIQUE INDEX "SYS_C007617" ON "ITEMCOMMENTS" ("ICNUM") 
  PCTFREE 10 INITRANS 2 MAXTRANS 255 COMPUTE STATISTICS 
  STORAGE(INITIAL 65536 NEXT 1048576 MINEXTENTS 1 MAXEXTENTS 2147483645
  PCTINCREASE 0 FREELISTS 1 FREELIST GROUPS 1 BUFFER_POOL DEFAULT FLASH_CACHE DEFAULT CELL_FLASH_CACHE DEFAULT)
  TABLESPACE "SYSTEM" ;
--------------------------------------------------------
--  DDL for Index SYS_C007643
--------------------------------------------------------

  CREATE UNIQUE INDEX "SYS_C007643" ON "ITEMLIKE" ("ILNUM") 
  PCTFREE 10 INITRANS 2 MAXTRANS 255 COMPUTE STATISTICS 
  STORAGE(INITIAL 65536 NEXT 1048576 MINEXTENTS 1 MAXEXTENTS 2147483645
  PCTINCREASE 0 FREELISTS 1 FREELIST GROUPS 1 BUFFER_POOL DEFAULT FLASH_CACHE DEFAULT CELL_FLASH_CACHE DEFAULT)
  TABLESPACE "SYSTEM" ;
--------------------------------------------------------
--  DDL for Index SYS_C007468
--------------------------------------------------------

  CREATE UNIQUE INDEX "SYS_C007468" ON "NOTE" ("NOTESEQ") 
  PCTFREE 10 INITRANS 2 MAXTRANS 255 COMPUTE STATISTICS 
  STORAGE(INITIAL 65536 NEXT 1048576 MINEXTENTS 1 MAXEXTENTS 2147483645
  PCTINCREASE 0 FREELISTS 1 FREELIST GROUPS 1 BUFFER_POOL DEFAULT FLASH_CACHE DEFAULT CELL_FLASH_CACHE DEFAULT)
  TABLESPACE "SYSTEM" ;
--------------------------------------------------------
--  DDL for Index SYS_C007474
--------------------------------------------------------

  CREATE UNIQUE INDEX "SYS_C007474" ON "NOTICE" ("NONUM") 
  PCTFREE 10 INITRANS 2 MAXTRANS 255 COMPUTE STATISTICS 
  STORAGE(INITIAL 65536 NEXT 1048576 MINEXTENTS 1 MAXEXTENTS 2147483645
  PCTINCREASE 0 FREELISTS 1 FREELIST GROUPS 1 BUFFER_POOL DEFAULT FLASH_CACHE DEFAULT CELL_FLASH_CACHE DEFAULT)
  TABLESPACE "SYSTEM" ;
--------------------------------------------------------
--  DDL for Index SYS_C007475
--------------------------------------------------------

  CREATE UNIQUE INDEX "SYS_C007475" ON "QUEST" ("QUNUM") 
  PCTFREE 10 INITRANS 2 MAXTRANS 255 COMPUTE STATISTICS 
  STORAGE(INITIAL 65536 NEXT 1048576 MINEXTENTS 1 MAXEXTENTS 2147483645
  PCTINCREASE 0 FREELISTS 1 FREELIST GROUPS 1 BUFFER_POOL DEFAULT FLASH_CACHE DEFAULT CELL_FLASH_CACHE DEFAULT)
  TABLESPACE "SYSTEM" ;
--------------------------------------------------------
--  DDL for Index SYS_C007467
--------------------------------------------------------

  CREATE UNIQUE INDEX "SYS_C007467" ON "REGION" ("RESEQ") 
  PCTFREE 10 INITRANS 2 MAXTRANS 255 COMPUTE STATISTICS 
  STORAGE(INITIAL 65536 NEXT 1048576 MINEXTENTS 1 MAXEXTENTS 2147483645
  PCTINCREASE 0 FREELISTS 1 FREELIST GROUPS 1 BUFFER_POOL DEFAULT FLASH_CACHE DEFAULT CELL_FLASH_CACHE DEFAULT)
  TABLESPACE "SYSTEM" ;
--------------------------------------------------------
--  DDL for Index SYS_C007476
--------------------------------------------------------

  CREATE UNIQUE INDEX "SYS_C007476" ON "REPQUE" ("RQNUM") 
  PCTFREE 10 INITRANS 2 MAXTRANS 255 COMPUTE STATISTICS 
  STORAGE(INITIAL 65536 NEXT 1048576 MINEXTENTS 1 MAXEXTENTS 2147483645
  PCTINCREASE 0 FREELISTS 1 FREELIST GROUPS 1 BUFFER_POOL DEFAULT FLASH_CACHE DEFAULT CELL_FLASH_CACHE DEFAULT)
  TABLESPACE "SYSTEM" ;
--------------------------------------------------------
--  DDL for Index SYS_C007471
--------------------------------------------------------

  CREATE UNIQUE INDEX "SYS_C007471" ON "REVIEW" ("RVNUM") 
  PCTFREE 10 INITRANS 2 MAXTRANS 255 COMPUTE STATISTICS 
  STORAGE(INITIAL 65536 NEXT 1048576 MINEXTENTS 1 MAXEXTENTS 2147483645
  PCTINCREASE 0 FREELISTS 1 FREELIST GROUPS 1 BUFFER_POOL DEFAULT FLASH_CACHE DEFAULT CELL_FLASH_CACHE DEFAULT)
  TABLESPACE "SYSTEM" ;
--------------------------------------------------------
--  DDL for Index SYS_C007473
--------------------------------------------------------

  CREATE UNIQUE INDEX "SYS_C007473" ON "SELL" ("SELLSEQ") 
  PCTFREE 10 INITRANS 2 MAXTRANS 255 COMPUTE STATISTICS 
  STORAGE(INITIAL 65536 NEXT 1048576 MINEXTENTS 1 MAXEXTENTS 2147483645
  PCTINCREASE 0 FREELISTS 1 FREELIST GROUPS 1 BUFFER_POOL DEFAULT FLASH_CACHE DEFAULT CELL_FLASH_CACHE DEFAULT)
  TABLESPACE "SYSTEM" ;
--------------------------------------------------------
--  DDL for Index SYS_C007466
--------------------------------------------------------

  CREATE UNIQUE INDEX "SYS_C007466" ON "USERS" ("USERID") 
  PCTFREE 10 INITRANS 2 MAXTRANS 255 COMPUTE STATISTICS 
  STORAGE(INITIAL 65536 NEXT 1048576 MINEXTENTS 1 MAXEXTENTS 2147483645
  PCTINCREASE 0 FREELISTS 1 FREELIST GROUPS 1 BUFFER_POOL DEFAULT FLASH_CACHE DEFAULT CELL_FLASH_CACHE DEFAULT)
  TABLESPACE "SYSTEM" ;
--------------------------------------------------------
--  Constraints for Table AUCTION
--------------------------------------------------------

  ALTER TABLE "AUCTION" ADD PRIMARY KEY ("AUNUM")
  USING INDEX PCTFREE 10 INITRANS 2 MAXTRANS 255 COMPUTE STATISTICS 
  STORAGE(INITIAL 65536 NEXT 1048576 MINEXTENTS 1 MAXEXTENTS 2147483645
  PCTINCREASE 0 FREELISTS 1 FREELIST GROUPS 1 BUFFER_POOL DEFAULT FLASH_CACHE DEFAULT CELL_FLASH_CACHE DEFAULT)
  TABLESPACE "SYSTEM"  ENABLE;
--------------------------------------------------------
--  Constraints for Table AUCTIONLIKE
--------------------------------------------------------

  ALTER TABLE "AUCTIONLIKE" ADD CONSTRAINT "AUCTIONLIKE_PK" PRIMARY KEY ("ALNUM")
  USING INDEX PCTFREE 10 INITRANS 2 MAXTRANS 255 COMPUTE STATISTICS 
  STORAGE(INITIAL 65536 NEXT 1048576 MINEXTENTS 1 MAXEXTENTS 2147483645
  PCTINCREASE 0 FREELISTS 1 FREELIST GROUPS 1 BUFFER_POOL DEFAULT FLASH_CACHE DEFAULT CELL_FLASH_CACHE DEFAULT)
  TABLESPACE "SYSTEM"  ENABLE;
  ALTER TABLE "AUCTIONLIKE" MODIFY ("ALNUM" NOT NULL ENABLE);
--------------------------------------------------------
--  Constraints for Table BOARD
--------------------------------------------------------

  ALTER TABLE "BOARD" ADD PRIMARY KEY ("BONUM")
  USING INDEX PCTFREE 10 INITRANS 2 MAXTRANS 255 COMPUTE STATISTICS 
  STORAGE(INITIAL 65536 NEXT 1048576 MINEXTENTS 1 MAXEXTENTS 2147483645
  PCTINCREASE 0 FREELISTS 1 FREELIST GROUPS 1 BUFFER_POOL DEFAULT FLASH_CACHE DEFAULT CELL_FLASH_CACHE DEFAULT)
  TABLESPACE "SYSTEM"  ENABLE;
--------------------------------------------------------
--  Constraints for Table CATEGORY
--------------------------------------------------------

  ALTER TABLE "CATEGORY" ADD PRIMARY KEY ("CASEQ")
  USING INDEX PCTFREE 10 INITRANS 2 MAXTRANS 255 COMPUTE STATISTICS 
  STORAGE(INITIAL 65536 NEXT 1048576 MINEXTENTS 1 MAXEXTENTS 2147483645
  PCTINCREASE 0 FREELISTS 1 FREELIST GROUPS 1 BUFFER_POOL DEFAULT FLASH_CACHE DEFAULT CELL_FLASH_CACHE DEFAULT)
  TABLESPACE "SYSTEM"  ENABLE;
--------------------------------------------------------
--  Constraints for Table COMMENTS
--------------------------------------------------------

  ALTER TABLE "COMMENTS" ADD PRIMARY KEY ("CONUM")
  USING INDEX PCTFREE 10 INITRANS 2 MAXTRANS 255 COMPUTE STATISTICS 
  STORAGE(INITIAL 65536 NEXT 1048576 MINEXTENTS 1 MAXEXTENTS 2147483645
  PCTINCREASE 0 FREELISTS 1 FREELIST GROUPS 1 BUFFER_POOL DEFAULT FLASH_CACHE DEFAULT CELL_FLASH_CACHE DEFAULT)
  TABLESPACE "SYSTEM"  ENABLE;
--------------------------------------------------------
--  Constraints for Table ITEM
--------------------------------------------------------

  ALTER TABLE "ITEM" ADD PRIMARY KEY ("ITEMNUM")
  USING INDEX PCTFREE 10 INITRANS 2 MAXTRANS 255 COMPUTE STATISTICS 
  STORAGE(INITIAL 65536 NEXT 1048576 MINEXTENTS 1 MAXEXTENTS 2147483645
  PCTINCREASE 0 FREELISTS 1 FREELIST GROUPS 1 BUFFER_POOL DEFAULT FLASH_CACHE DEFAULT CELL_FLASH_CACHE DEFAULT)
  TABLESPACE "SYSTEM"  ENABLE;
--------------------------------------------------------
--  Constraints for Table ITEMCOMMENTS
--------------------------------------------------------

  ALTER TABLE "ITEMCOMMENTS" ADD PRIMARY KEY ("ICNUM")
  USING INDEX PCTFREE 10 INITRANS 2 MAXTRANS 255 COMPUTE STATISTICS 
  STORAGE(INITIAL 65536 NEXT 1048576 MINEXTENTS 1 MAXEXTENTS 2147483645
  PCTINCREASE 0 FREELISTS 1 FREELIST GROUPS 1 BUFFER_POOL DEFAULT FLASH_CACHE DEFAULT CELL_FLASH_CACHE DEFAULT)
  TABLESPACE "SYSTEM"  ENABLE;
--------------------------------------------------------
--  Constraints for Table ITEMLIKE
--------------------------------------------------------

  ALTER TABLE "ITEMLIKE" ADD PRIMARY KEY ("ILNUM")
  USING INDEX PCTFREE 10 INITRANS 2 MAXTRANS 255 COMPUTE STATISTICS 
  STORAGE(INITIAL 65536 NEXT 1048576 MINEXTENTS 1 MAXEXTENTS 2147483645
  PCTINCREASE 0 FREELISTS 1 FREELIST GROUPS 1 BUFFER_POOL DEFAULT FLASH_CACHE DEFAULT CELL_FLASH_CACHE DEFAULT)
  TABLESPACE "SYSTEM"  ENABLE;
--------------------------------------------------------
--  Constraints for Table NOTE
--------------------------------------------------------

  ALTER TABLE "NOTE" ADD PRIMARY KEY ("NOTESEQ")
  USING INDEX PCTFREE 10 INITRANS 2 MAXTRANS 255 COMPUTE STATISTICS 
  STORAGE(INITIAL 65536 NEXT 1048576 MINEXTENTS 1 MAXEXTENTS 2147483645
  PCTINCREASE 0 FREELISTS 1 FREELIST GROUPS 1 BUFFER_POOL DEFAULT FLASH_CACHE DEFAULT CELL_FLASH_CACHE DEFAULT)
  TABLESPACE "SYSTEM"  ENABLE;
--------------------------------------------------------
--  Constraints for Table NOTICE
--------------------------------------------------------

  ALTER TABLE "NOTICE" ADD PRIMARY KEY ("NONUM")
  USING INDEX PCTFREE 10 INITRANS 2 MAXTRANS 255 COMPUTE STATISTICS 
  STORAGE(INITIAL 65536 NEXT 1048576 MINEXTENTS 1 MAXEXTENTS 2147483645
  PCTINCREASE 0 FREELISTS 1 FREELIST GROUPS 1 BUFFER_POOL DEFAULT FLASH_CACHE DEFAULT CELL_FLASH_CACHE DEFAULT)
  TABLESPACE "SYSTEM"  ENABLE;
--------------------------------------------------------
--  Constraints for Table QUEST
--------------------------------------------------------

  ALTER TABLE "QUEST" ADD PRIMARY KEY ("QUNUM")
  USING INDEX PCTFREE 10 INITRANS 2 MAXTRANS 255 COMPUTE STATISTICS 
  STORAGE(INITIAL 65536 NEXT 1048576 MINEXTENTS 1 MAXEXTENTS 2147483645
  PCTINCREASE 0 FREELISTS 1 FREELIST GROUPS 1 BUFFER_POOL DEFAULT FLASH_CACHE DEFAULT CELL_FLASH_CACHE DEFAULT)
  TABLESPACE "SYSTEM"  ENABLE;
--------------------------------------------------------
--  Constraints for Table REGION
--------------------------------------------------------

  ALTER TABLE "REGION" ADD PRIMARY KEY ("RESEQ")
  USING INDEX PCTFREE 10 INITRANS 2 MAXTRANS 255 COMPUTE STATISTICS 
  STORAGE(INITIAL 65536 NEXT 1048576 MINEXTENTS 1 MAXEXTENTS 2147483645
  PCTINCREASE 0 FREELISTS 1 FREELIST GROUPS 1 BUFFER_POOL DEFAULT FLASH_CACHE DEFAULT CELL_FLASH_CACHE DEFAULT)
  TABLESPACE "SYSTEM"  ENABLE;
--------------------------------------------------------
--  Constraints for Table REPQUE
--------------------------------------------------------

  ALTER TABLE "REPQUE" ADD PRIMARY KEY ("RQNUM")
  USING INDEX PCTFREE 10 INITRANS 2 MAXTRANS 255 COMPUTE STATISTICS 
  STORAGE(INITIAL 65536 NEXT 1048576 MINEXTENTS 1 MAXEXTENTS 2147483645
  PCTINCREASE 0 FREELISTS 1 FREELIST GROUPS 1 BUFFER_POOL DEFAULT FLASH_CACHE DEFAULT CELL_FLASH_CACHE DEFAULT)
  TABLESPACE "SYSTEM"  ENABLE;
--------------------------------------------------------
--  Constraints for Table REVIEW
--------------------------------------------------------

  ALTER TABLE "REVIEW" ADD PRIMARY KEY ("RVNUM")
  USING INDEX PCTFREE 10 INITRANS 2 MAXTRANS 255 COMPUTE STATISTICS 
  STORAGE(INITIAL 65536 NEXT 1048576 MINEXTENTS 1 MAXEXTENTS 2147483645
  PCTINCREASE 0 FREELISTS 1 FREELIST GROUPS 1 BUFFER_POOL DEFAULT FLASH_CACHE DEFAULT CELL_FLASH_CACHE DEFAULT)
  TABLESPACE "SYSTEM"  ENABLE;
--------------------------------------------------------
--  Constraints for Table SELL
--------------------------------------------------------

  ALTER TABLE "SELL" ADD PRIMARY KEY ("SELLSEQ")
  USING INDEX PCTFREE 10 INITRANS 2 MAXTRANS 255 COMPUTE STATISTICS 
  STORAGE(INITIAL 65536 NEXT 1048576 MINEXTENTS 1 MAXEXTENTS 2147483645
  PCTINCREASE 0 FREELISTS 1 FREELIST GROUPS 1 BUFFER_POOL DEFAULT FLASH_CACHE DEFAULT CELL_FLASH_CACHE DEFAULT)
  TABLESPACE "SYSTEM"  ENABLE;
--------------------------------------------------------
--  Constraints for Table USERS
--------------------------------------------------------

  ALTER TABLE "USERS" ADD PRIMARY KEY ("USERID")
  USING INDEX PCTFREE 10 INITRANS 2 MAXTRANS 255 COMPUTE STATISTICS 
  STORAGE(INITIAL 65536 NEXT 1048576 MINEXTENTS 1 MAXEXTENTS 2147483645
  PCTINCREASE 0 FREELISTS 1 FREELIST GROUPS 1 BUFFER_POOL DEFAULT FLASH_CACHE DEFAULT CELL_FLASH_CACHE DEFAULT)
  TABLESPACE "SYSTEM"  ENABLE;
--------------------------------------------------------
--  Ref Constraints for Table AUCTION
--------------------------------------------------------

  ALTER TABLE "AUCTION" ADD CONSTRAINT "AUCTION_FK1" FOREIGN KEY ("AUCATEGORY")
	  REFERENCES "CATEGORY" ("CASEQ") ENABLE;
  ALTER TABLE "AUCTION" ADD CONSTRAINT "AUCTION_FK2" FOREIGN KEY ("AUREGION")
	  REFERENCES "REGION" ("RESEQ") ENABLE;
  ALTER TABLE "AUCTION" ADD CONSTRAINT "AUCTION_FK3" FOREIGN KEY ("AUSELLER")
	  REFERENCES "USERS" ("USERID") ENABLE;
--------------------------------------------------------
--  Ref Constraints for Table AUCTIONLIKE
--------------------------------------------------------

  ALTER TABLE "AUCTIONLIKE" ADD CONSTRAINT "AUCTIONLIKE_FK1" FOREIGN KEY ("ALUSER")
	  REFERENCES "USERS" ("USERID") ENABLE;
  ALTER TABLE "AUCTIONLIKE" ADD CONSTRAINT "AUCTIONLIKE_FK2" FOREIGN KEY ("ALITEM")
	  REFERENCES "AUCTION" ("AUNUM") ENABLE;
--------------------------------------------------------
--  Ref Constraints for Table BOARD
--------------------------------------------------------

  ALTER TABLE "BOARD" ADD CONSTRAINT "BOARD_FK1" FOREIGN KEY ("BOWRITER")
	  REFERENCES "USERS" ("USERID") ENABLE;
--------------------------------------------------------
--  Ref Constraints for Table COMMENTS
--------------------------------------------------------

  ALTER TABLE "COMMENTS" ADD CONSTRAINT "COMMENTS_FK1" FOREIGN KEY ("COWRITER")
	  REFERENCES "USERS" ("USERID") ENABLE;
  ALTER TABLE "COMMENTS" ADD CONSTRAINT "COMMENTS_FK2" FOREIGN KEY ("CBNUM")
	  REFERENCES "BOARD" ("BONUM") ON DELETE CASCADE ENABLE;
--------------------------------------------------------
--  Ref Constraints for Table ITEM
--------------------------------------------------------

  ALTER TABLE "ITEM" ADD CONSTRAINT "ITEM_FK1" FOREIGN KEY ("ITEMCATEGORY")
	  REFERENCES "CATEGORY" ("CASEQ") ENABLE;
  ALTER TABLE "ITEM" ADD CONSTRAINT "ITEM_FK2" FOREIGN KEY ("ITEMREGION")
	  REFERENCES "REGION" ("RESEQ") ENABLE;
  ALTER TABLE "ITEM" ADD CONSTRAINT "ITEM_FK3" FOREIGN KEY ("ITEMSELLER")
	  REFERENCES "USERS" ("USERID") ENABLE;
--------------------------------------------------------
--  Ref Constraints for Table ITEMCOMMENTS
--------------------------------------------------------

  ALTER TABLE "ITEMCOMMENTS" ADD CONSTRAINT "ITEMCOMMENTS_FK1" FOREIGN KEY ("ICITEMNUM")
	  REFERENCES "ITEM" ("ITEMNUM") ENABLE;
  ALTER TABLE "ITEMCOMMENTS" ADD CONSTRAINT "ITEMCOMMENTS_FK2" FOREIGN KEY ("ICWRITER")
	  REFERENCES "USERS" ("USERID") ENABLE;
--------------------------------------------------------
--  Ref Constraints for Table ITEMLIKE
--------------------------------------------------------

  ALTER TABLE "ITEMLIKE" ADD CONSTRAINT "ITEMLIKE_FK1" FOREIGN KEY ("ILUSER")
	  REFERENCES "USERS" ("USERID") ENABLE;
  ALTER TABLE "ITEMLIKE" ADD CONSTRAINT "ITEMLIKE_FK2" FOREIGN KEY ("ILITEM")
	  REFERENCES "ITEM" ("ITEMNUM") ENABLE;
--------------------------------------------------------
--  Ref Constraints for Table NOTE
--------------------------------------------------------

  ALTER TABLE "NOTE" ADD CONSTRAINT "NOTE_FK1" FOREIGN KEY ("NOTESENDER")
	  REFERENCES "USERS" ("USERID") ENABLE;
  ALTER TABLE "NOTE" ADD CONSTRAINT "NOTE_FK2" FOREIGN KEY ("NOTERECEIVER")
	  REFERENCES "USERS" ("USERID") ENABLE;
--------------------------------------------------------
--  Ref Constraints for Table QUEST
--------------------------------------------------------

  ALTER TABLE "QUEST" ADD CONSTRAINT "QUEST_FK1" FOREIGN KEY ("QUWRITER")
	  REFERENCES "USERS" ("USERID") ENABLE;
--------------------------------------------------------
--  Ref Constraints for Table REVIEW
--------------------------------------------------------

  ALTER TABLE "REVIEW" ADD CONSTRAINT "REVIEW_FK1" FOREIGN KEY ("RVWRITER")
	  REFERENCES "USERS" ("USERID") ENABLE;
  ALTER TABLE "REVIEW" ADD CONSTRAINT "REVIEW_FK2" FOREIGN KEY ("RVSELLER")
	  REFERENCES "USERS" ("USERID") ENABLE;
